user_id,daily_listen_hours,genre_diversity,skip_rate,playlist_count,is_premium,discovery_ratio,sessions_per_week,avg_song_completion
user_00001,5.34,0.76,0.117,41,1,0.79,18,0.81
user_00002,1.17,0.16,0.433,7,0,0.19,4,0.726
user_00003,2.19,0.32,0.11,10,0,0.24,16,0.571
user_00004,2.22,0.58,0.24,96,1,0.74,25,0.512
user_00005,0.41,0.25,0.349,7,1,0.13,8,0.584
user_00006,2.22,0.56,0.137,29,1,0.78,25,0.726
user_00007,1.38,0.38,0.579,6,0,0.09,4,0.423
user_00008,6.72,0.62,0.083,74,1,0.56,20,0.664
user_00009,3.21,0.76,0.164,21,1,0.88,31,0.741
user_00010,2.65,0.35,0.155,2,1,0.16,4,0.661
user_00011,0.8,0.18,0.303,1,0,0.15,15,0.648
user_00012,2.8,0.25,0.123,3,1,0.26,12,0.929
user_00013,3.08,0.31,0.261,3,0,0.31,14,0.678
user_00014,3.33,0.53,0.194,63,1,0.81,30,0.701
user_00015,2.15,0.57,0.151,76,1,0.73,17,0.473
user_00016,2.44,0.45,0.213,6,1,0.3,24,0.696
user_00017,4.56,0.86,0.051,58,1,0.61,17,0.782
user_00018,3.83,0.84,0.197,21,1,0.7,4,0.529
user_00019,2.37,0.22,0.164,2,1,0.38,10,0.963
user_00020,6.66,0.74,0.173,20,1,0.7,9,0.844
user_00021,1.54,0.19,0.236,9,1,0.21,18,0.925
user_00022,6.48,0.98,0.131,34,1,0.66,28,0.419
user_00023,3.1,0.7,0.128,46,1,0.51,31,0.813
user_00024,4.74,0.39,0.233,5,0,0.34,25,0.476
user_00025,5.8,0.92,0.161,27,1,0.79,15,0.419
user_00026,1.59,0.33,0.253,11,1,0.17,16,0.769
user_00027,1.34,0.24,0.598,5,1,0.12,17,0.611
user_00028,0.79,0.37,0.349,2,1,0.06,14,0.916
user_00029,6.65,0.92,0.179,72,1,0.56,13,0.858
user_00030,3.62,0.65,0.189,90,1,0.86,27,0.432
user_00031,1.7,0.72,0.15,89,1,0.66,34,0.725
user_00032,4.92,0.42,0.279,6,0,0.38,29,0.519
user_00033,4.32,0.68,0.14,39,1,0.57,12,0.818
user_00034,0.99,0.35,0.469,6,1,0.06,17,0.615
user_00035,2.13,0.37,0.193,5,0,0.35,29,0.834
user_00036,1.85,0.42,0.286,5,1,0.34,10,0.616
user_00037,1.82,0.34,0.169,5,1,0.1,17,0.736
user_00038,3.64,0.9,0.121,72,1,0.78,23,0.95
user_00039,1.6,0.33,0.206,6,0,0.28,28,0.453
user_00040,3.77,0.41,0.305,5,1,0.18,19,0.402
user_00041,0.87,0.3,0.562,5,0,0.08,33,0.407
user_00042,1.78,0.23,0.235,5,0,0.28,3,0.73
user_00043,0.94,0.21,0.539,4,0,0.16,24,0.787
user_00044,4.92,0.44,0.304,3,1,0.27,29,0.828
user_00045,0.43,0.32,0.341,3,0,0.17,16,0.435
user_00046,3.61,0.69,0.158,50,1,0.75,20,0.605
user_00047,3.83,0.33,0.341,7,1,0.23,31,0.95
user_00048,3.77,0.83,0.122,76,1,0.88,33,0.593
user_00049,3.79,0.8,0.24,92,1,0.88,20,0.843
user_00050,7.43,0.89,0.189,73,1,0.41,32,0.408
user_00051,1.75,0.6,0.127,27,1,0.87,9,0.407
user_00052,1.3,0.33,0.279,13,0,0.15,28,0.909
user_00053,3.84,0.88,0.131,88,1,0.62,31,0.903
user_00054,3.98,0.5,0.145,91,1,0.69,9,0.613
user_00055,3.75,0.47,0.327,4,1,0.25,25,0.479
user_00056,0.84,0.33,0.458,1,0,0.16,9,0.808
user_00057,3.13,0.77,0.213,85,1,0.86,20,0.974
user_00058,1.06,0.19,0.595,7,0,0.14,8,0.433
user_00059,7.54,0.61,0.102,38,1,0.6,15,0.641
user_00060,5.08,0.9,0.084,54,1,0.52,33,0.616
user_00061,7.89,0.99,0.112,77,1,0.69,18,0.709
user_00062,0.89,0.22,0.363,4,0,0.09,4,0.767
user_00063,5.78,0.71,0.054,53,1,0.67,7,0.931
user_00064,3.39,0.51,0.137,58,1,0.76,14,0.484
user_00065,1.32,0.28,0.505,7,0,0.07,5,0.763
user_00066,3.88,0.22,0.211,6,1,0.38,14,0.762
user_00067,4.61,0.46,0.319,6,1,0.21,25,0.861
user_00068,2.14,0.65,0.165,92,1,0.83,30,0.757
user_00069,2.94,0.36,0.157,2,1,0.24,9,0.665
user_00070,0.33,0.17,0.443,6,0,0.06,8,0.648
user_00071,1.12,0.24,0.416,7,1,0.1,32,0.645
user_00072,3.08,0.62,0.103,27,1,0.53,22,0.939
user_00073,3.96,0.77,0.137,69,1,0.71,6,0.958
user_00074,2.29,0.3,0.196,6,1,0.17,9,0.92
user_00075,3.94,0.78,0.175,52,1,0.78,16,0.794
user_00076,1.48,0.33,0.274,7,1,0.24,2,0.552
user_00077,2.84,0.38,0.28,4,1,0.3,20,0.601
user_00078,3.08,0.75,0.091,58,1,0.53,20,0.555
user_00079,3.8,0.91,0.198,38,1,0.42,10,0.407
user_00080,1.43,0.2,0.161,3,1,0.29,21,0.424
user_00081,2.49,0.62,0.168,61,1,0.81,6,0.688
user_00082,3.18,0.39,0.316,2,1,0.3,16,0.664
user_00083,1.29,0.13,0.332,5,0,0.19,15,0.483
user_00084,2.32,0.33,0.215,8,1,0.3,18,0.608
user_00085,2.64,0.18,0.3,4,1,0.1,32,0.927
user_00086,0.8,0.19,0.574,1,0,0.19,25,0.677
user_00087,1.78,0.44,0.235,6,0,0.39,27,0.64
user_00088,5.46,0.95,0.157,27,1,0.44,3,0.422
user_00089,4.25,0.28,0.233,5,0,0.25,31,0.962
user_00090,6.52,0.96,0.115,28,1,0.6,5,0.517
user_00091,1.87,0.45,0.237,4,1,0.31,5,0.83
user_00092,2.92,0.32,0.1,8,1,0.17,17,0.752
user_00093,4.9,0.37,0.187,5,1,0.27,15,0.431
user_00094,4.35,0.43,0.308,9,1,0.26,22,0.411
user_00095,3.94,0.85,0.234,24,1,0.7,19,0.673
user_00096,1.68,0.42,0.251,9,1,0.31,34,0.962
user_00097,3.79,0.68,0.196,37,1,0.63,19,0.503
user_00098,6.97,0.91,0.086,38,1,0.48,3,0.622
user_00099,3.46,0.26,0.24,5,1,0.2,30,0.588
user_00100,2.69,0.23,0.159,13,0,0.23,12,0.974
user_00101,2.0,0.24,0.169,12,1,0.27,9,0.554
user_00102,2.23,0.34,0.11,8,1,0.29,26,0.59
user_00103,0.85,0.18,0.411,1,0,0.11,15,0.412
user_00104,1.74,0.23,0.172,9,0,0.19,20,0.521
user_00105,2.82,0.22,0.2,6,1,0.25,8,0.846
user_00106,1.16,0.27,0.121,10,1,0.23,27,0.482
user_00107,1.02,0.2,0.128,13,0,0.21,23,0.573
user_00108,2.58,0.19,0.113,11,0,0.26,25,0.817
user_00109,3.28,0.61,0.118,45,1,0.57,10,0.853
user_00110,5.47,0.85,0.132,42,1,0.49,29,0.71
user_00111,2.75,0.24,0.183,4,1,0.19,28,0.917
user_00112,1.61,0.73,0.228,37,1,0.52,22,0.592
user_00113,2.92,0.27,0.264,14,1,0.25,21,0.58
user_00114,0.79,0.39,0.56,6,0,0.11,20,0.734
user_00115,2.3,0.16,0.176,4,0,0.21,21,0.405
user_00116,1.43,0.26,0.599,4,1,0.12,23,0.742
user_00117,0.71,0.24,0.358,4,1,0.19,29,0.923
user_00118,2.14,0.31,0.329,3,1,0.28,18,0.586
user_00119,2.61,0.18,0.255,5,1,0.23,10,0.899
user_00120,1.67,0.19,0.236,12,1,0.14,10,0.784
user_00121,2.31,0.87,0.163,97,1,0.51,15,0.904
user_00122,3.73,0.6,0.24,56,1,0.66,25,0.523
user_00123,1.97,0.25,0.222,8,0,0.29,21,0.958
user_00124,0.66,0.31,0.317,4,0,0.13,16,0.528
user_00125,3.21,0.84,0.204,73,1,0.8,2,0.643
user_00126,5.38,0.98,0.082,36,1,0.76,20,0.666
user_00127,2.36,0.34,0.265,11,1,0.18,16,0.713
user_00128,1.18,0.35,0.514,1,1,0.12,14,0.645
user_00129,0.59,0.31,0.33,1,0,0.08,21,0.529
user_00130,4.56,0.38,0.188,8,1,0.15,14,0.543
user_00131,5.2,0.72,0.118,59,1,0.72,3,0.954
user_00132,3.52,0.89,0.172,47,1,0.55,5,0.507
user_00133,0.36,0.18,0.32,6,0,0.14,17,0.467
user_00134,2.5,0.18,0.28,10,0,0.16,5,0.406
user_00135,1.11,0.17,0.453,2,0,0.18,29,0.824
user_00136,3.89,0.85,0.105,19,1,0.64,24,0.754
user_00137,7.28,0.79,0.167,66,1,0.49,14,0.496
user_00138,1.66,0.43,0.166,9,1,0.37,22,0.409
user_00139,1.03,0.27,0.495,1,1,0.05,20,0.597
user_00140,3.93,0.97,0.197,78,1,0.49,20,0.551
user_00141,5.94,0.74,0.122,73,1,0.8,6,0.652
user_00142,4.61,0.28,0.284,6,1,0.35,32,0.581
user_00143,3.79,0.78,0.208,61,1,0.75,10,0.405
user_00144,3.66,0.7,0.165,83,1,0.83,12,0.79
user_00145,0.71,0.22,0.405,6,0,0.15,7,0.705
user_00146,2.88,0.35,0.118,14,0,0.16,4,0.746
user_00147,2.3,0.64,0.138,56,1,0.78,12,0.769
user_00148,3.31,0.79,0.2,23,1,0.52,5,0.462
user_00149,6.49,0.8,0.054,73,1,0.47,20,0.533
user_00150,1.65,0.88,0.182,35,1,0.89,8,0.916
user_00151,3.43,0.52,0.16,88,1,0.55,21,0.477
user_00152,1.11,0.39,0.514,5,0,0.14,6,0.563
user_00153,1.21,0.3,0.202,5,1,0.29,18,0.467
user_00154,5.16,0.93,0.079,32,1,0.7,15,0.891
user_00155,0.38,0.29,0.476,4,1,0.16,4,0.661
user_00156,2.92,0.49,0.166,3,0,0.25,17,0.522
user_00157,2.39,0.16,0.157,4,1,0.15,31,0.801
user_00158,1.72,0.27,0.131,3,1,0.13,8,0.581
user_00159,5.69,0.92,0.124,18,1,0.56,24,0.64
user_00160,1.88,0.57,0.165,79,1,0.58,19,0.76
user_00161,1.87,0.35,0.272,7,1,0.39,31,0.588
user_00162,3.18,0.32,0.171,8,1,0.29,21,0.615
user_00163,1.84,0.34,0.111,8,0,0.11,33,0.402
user_00164,3.15,0.62,0.148,68,1,0.88,12,0.434
user_00165,2.81,0.35,0.17,14,1,0.14,26,0.907
user_00166,4.74,0.25,0.232,3,1,0.23,6,0.682
user_00167,2.78,0.18,0.13,8,1,0.14,18,0.949
user_00168,1.32,0.33,0.101,12,1,0.25,29,0.808
user_00169,3.92,0.38,0.326,6,1,0.32,5,0.476
user_00170,1.34,0.3,0.498,3,0,0.08,8,0.608
user_00171,2.4,0.2,0.213,5,1,0.21,20,0.583
user_00172,2.9,0.28,0.275,5,1,0.12,30,0.909
user_00173,4.27,0.95,0.189,43,1,0.77,11,0.418
user_00174,0.36,0.3,0.322,3,0,0.13,2,0.67
user_00175,7.16,0.61,0.091,53,1,0.41,27,0.822
user_00176,3.86,0.74,0.138,57,1,0.73,2,0.848
user_00177,3.12,0.65,0.148,50,1,0.57,6,0.616
user_00178,6.77,0.64,0.179,36,1,0.42,16,0.453
user_00179,3.41,0.72,0.084,46,1,0.54,20,0.959
user_00180,0.66,0.26,0.422,1,1,0.08,14,0.656
user_00181,4.9,0.78,0.121,17,1,0.62,29,0.846
user_00182,7.76,0.92,0.056,60,1,0.48,16,0.582
user_00183,3.56,0.2,0.162,5,0,0.37,7,0.605
user_00184,1.21,0.31,0.206,12,1,0.2,11,0.899
user_00185,1.87,0.26,0.275,14,1,0.29,22,0.519
user_00186,2.29,0.16,0.278,7,1,0.18,15,0.894
user_00187,0.65,0.2,0.504,6,0,0.12,27,0.922
user_00188,1.24,0.14,0.335,6,1,0.05,33,0.485
user_00189,4.73,0.94,0.178,35,1,0.46,20,0.883
user_00190,3.86,0.57,0.199,55,1,0.6,16,0.923
user_00191,2.52,0.22,0.207,3,0,0.2,16,0.761
user_00192,3.93,0.48,0.261,8,0,0.22,10,0.418
user_00193,1.4,0.28,0.214,12,1,0.3,31,0.933
user_00194,6.72,0.93,0.103,18,1,0.65,2,0.509
user_00195,4.09,0.44,0.21,3,0,0.25,31,0.842
user_00196,1.38,0.37,0.533,1,0,0.19,13,0.812
user_00197,0.63,0.35,0.388,1,0,0.15,32,0.566
user_00198,2.5,0.81,0.237,91,1,0.61,9,0.947
user_00199,3.09,0.66,0.145,84,1,0.54,4,0.418
user_00200,2.82,0.85,0.169,25,1,0.59,6,0.741
user_00201,2.34,0.2,0.163,7,0,0.17,7,0.745
user_00202,2.44,0.33,0.28,9,1,0.21,26,0.619
user_00203,5.0,0.61,0.173,33,1,0.64,31,0.822
user_00204,3.86,0.26,0.337,7,1,0.34,17,0.727
user_00205,1.6,0.21,0.221,5,1,0.11,21,0.918
user_00206,3.7,0.58,0.242,69,1,0.68,23,0.531
user_00207,2.29,0.72,0.21,42,1,0.6,10,0.476
user_00208,5.05,0.74,0.067,16,1,0.69,15,0.43
user_00209,1.43,0.4,0.442,7,0,0.13,17,0.434
user_00210,2.89,0.31,0.22,7,1,0.25,32,0.535
user_00211,1.55,0.78,0.195,78,1,0.55,15,0.44
user_00212,1.52,0.29,0.285,3,0,0.21,9,0.491
user_00213,1.33,0.22,0.42,4,0,0.18,21,0.686
user_00214,2.89,0.18,0.135,8,1,0.14,5,0.559
user_00215,2.31,0.15,0.125,13,1,0.25,31,0.422
user_00216,0.81,0.33,0.412,7,1,0.06,15,0.969
user_00217,1.85,0.59,0.187,29,1,0.82,27,0.478
user_00218,3.08,0.42,0.243,5,1,0.25,18,0.621
user_00219,2.45,0.22,0.163,11,1,0.3,3,0.406
user_00220,2.59,0.5,0.239,8,0,0.34,4,0.556
user_00221,2.86,0.56,0.168,37,1,0.83,28,0.887
user_00222,3.07,0.7,0.233,60,1,0.66,27,0.642
user_00223,6.38,0.64,0.152,26,1,0.61,16,0.842
user_00224,7.71,0.81,0.175,54,1,0.44,5,0.797
user_00225,2.69,0.58,0.194,84,1,0.7,16,0.647
user_00226,4.65,0.23,0.173,6,0,0.26,25,0.882
user_00227,2.54,0.8,0.159,69,1,0.57,33,0.561
user_00228,5.0,0.99,0.065,34,1,0.49,14,0.904
user_00229,3.45,0.3,0.228,5,1,0.16,24,0.552
user_00230,0.55,0.36,0.318,3,0,0.17,14,0.529
user_00231,3.97,0.81,0.186,34,1,0.67,16,0.723
user_00232,2.08,0.33,0.235,13,1,0.25,30,0.819
user_00233,2.23,0.67,0.218,29,1,0.64,31,0.431
user_00234,3.56,0.78,0.155,29,1,0.54,23,0.888
user_00235,5.44,0.8,0.143,69,1,0.64,30,0.829
user_00236,2.82,0.44,0.31,6,1,0.32,17,0.525
user_00237,1.16,0.21,0.401,3,1,0.13,18,0.963
user_00238,1.92,0.43,0.22,4,1,0.38,21,0.831
user_00239,0.84,0.13,0.322,4,0,0.11,17,0.425
user_00240,3.42,0.49,0.186,8,1,0.27,10,0.728
user_00241,0.71,0.25,0.395,5,0,0.09,32,0.651
user_00242,1.89,0.3,0.269,8,0,0.34,32,0.657
user_00243,1.57,0.31,0.13,11,1,0.21,15,0.687
user_00244,0.6,0.37,0.515,3,0,0.09,15,0.426
user_00245,3.34,0.36,0.342,7,1,0.22,5,0.554
user_00246,0.46,0.16,0.497,7,1,0.19,28,0.619
user_00247,2.27,0.34,0.126,7,1,0.27,26,0.61
user_00248,1.14,0.19,0.546,1,0,0.06,14,0.666
user_00249,0.88,0.2,0.426,2,0,0.06,12,0.806
user_00250,3.64,0.78,0.215,77,1,0.66,33,0.877
user_00251,2.77,0.15,0.177,12,1,0.1,11,0.621
user_00252,1.68,0.57,0.233,69,1,0.52,18,0.979
user_00253,3.53,0.65,0.181,79,1,0.75,27,0.577
user_00254,4.42,0.41,0.154,2,1,0.34,18,0.63
user_00255,0.56,0.19,0.485,2,0,0.06,27,0.515
user_00256,2.49,0.44,0.174,5,1,0.23,27,0.562
user_00257,3.43,0.87,0.139,48,1,0.69,21,0.504
user_00258,1.18,0.18,0.199,8,1,0.23,31,0.769
user_00259,3.58,0.22,0.201,3,1,0.18,15,0.725
user_00260,1.41,0.23,0.115,4,1,0.25,13,0.47
user_00261,3.4,0.52,0.103,72,1,0.66,28,0.832
user_00262,0.62,0.14,0.449,7,0,0.12,22,0.867
user_00263,3.06,0.76,0.207,82,1,0.63,20,0.743
user_00264,2.99,0.16,0.132,4,0,0.28,5,0.421
user_00265,4.14,0.37,0.337,9,1,0.36,7,0.948
user_00266,3.93,0.23,0.263,4,1,0.26,18,0.81
user_00267,1.02,0.15,0.102,12,0,0.14,9,0.904
user_00268,1.61,0.56,0.158,42,1,0.62,10,0.966
user_00269,3.99,0.23,0.296,5,1,0.26,10,0.875
user_00270,6.35,0.89,0.138,58,1,0.7,12,0.677
user_00271,1.5,0.33,0.387,7,0,0.18,30,0.821
user_00272,3.29,0.78,0.245,42,1,0.88,9,0.874
user_00273,2.92,0.59,0.213,80,1,0.87,28,0.653
user_00274,3.51,0.55,0.136,41,1,0.52,31,0.865
user_00275,1.5,0.35,0.522,7,0,0.17,19,0.551
user_00276,1.01,0.37,0.501,7,0,0.19,7,0.582
user_00277,3.39,0.73,0.118,59,1,0.73,12,0.859
user_00278,7.55,0.61,0.171,27,1,0.63,25,0.749
user_00279,3.07,0.75,0.248,86,1,0.69,26,0.54
user_00280,2.61,0.24,0.227,3,0,0.24,5,0.498
user_00281,2.7,0.34,0.292,3,1,0.18,22,0.603
user_00282,1.25,0.25,0.167,14,1,0.2,29,0.874
user_00283,1.13,0.34,0.236,14,1,0.29,20,0.852
user_00284,1.75,0.67,0.228,94,1,0.58,19,0.974
user_00285,1.1,0.26,0.149,8,0,0.12,5,0.459
user_00286,3.68,0.5,0.103,27,1,0.74,19,0.8
user_00287,7.08,0.87,0.116,56,1,0.68,11,0.681
user_00288,1.95,0.27,0.322,5,1,0.19,14,0.59
user_00289,1.89,0.77,0.103,54,1,0.84,4,0.891
user_00290,1.72,0.78,0.154,95,1,0.89,28,0.58
user_00291,4.64,0.44,0.259,5,0,0.21,11,0.543
user_00292,0.68,0.22,0.487,3,0,0.11,10,0.932
user_00293,3.52,0.77,0.123,39,1,0.73,22,0.649
user_00294,1.35,0.3,0.289,7,1,0.27,14,0.635
user_00295,1.43,0.2,0.496,7,0,0.16,27,0.707
user_00296,3.64,0.96,0.129,57,1,0.77,16,0.53
user_00297,4.32,0.68,0.09,59,1,0.47,15,0.591
user_00298,1.11,0.34,0.389,6,0,0.16,33,0.619
user_00299,1.51,0.34,0.106,14,1,0.28,28,0.538
user_00300,2.5,0.19,0.139,7,1,0.26,15,0.821
user_00301,1.79,0.35,0.262,7,0,0.23,4,0.777
user_00302,1.17,0.25,0.421,4,0,0.07,23,0.952
user_00303,2.02,0.55,0.128,37,1,0.77,4,0.967
user_00304,7.86,0.63,0.113,53,1,0.78,24,0.908
user_00305,0.83,0.3,0.31,1,0,0.06,25,0.443
user_00306,1.63,0.53,0.166,72,1,0.72,10,0.768
user_00307,1.27,0.32,0.223,5,0,0.17,18,0.831
user_00308,1.8,0.51,0.117,85,1,0.62,2,0.654
user_00309,0.52,0.13,0.517,7,1,0.18,11,0.674
user_00310,1.85,0.32,0.276,13,1,0.22,20,0.594
user_00311,1.41,0.18,0.597,5,0,0.17,23,0.558
user_00312,0.58,0.36,0.551,3,1,0.14,2,0.757
user_00313,6.01,0.98,0.151,35,1,0.48,4,0.776
user_00314,1.45,0.33,0.521,6,0,0.12,8,0.442
user_00315,1.43,0.21,0.204,4,1,0.22,34,0.949
user_00316,4.31,0.38,0.225,7,1,0.29,27,0.506
user_00317,1.63,0.38,0.247,9,1,0.36,23,0.719
user_00318,0.82,0.35,0.577,7,0,0.13,24,0.926
user_00319,4.17,0.98,0.138,18,1,0.58,32,0.678
user_00320,3.2,0.63,0.219,24,1,0.81,18,0.407
user_00321,3.83,0.86,0.216,50,1,0.61,4,0.702
user_00322,5.46,0.65,0.051,15,1,0.62,16,0.443
user_00323,0.42,0.2,0.414,4,0,0.13,13,0.533
user_00324,1.22,0.19,0.195,14,1,0.22,18,0.842
user_00325,1.86,0.22,0.321,2,0,0.37,7,0.448
user_00326,3.05,0.91,0.148,79,1,0.71,31,0.863
user_00327,3.37,0.45,0.346,6,0,0.26,30,0.615
user_00328,3.84,0.92,0.147,36,1,0.77,27,0.886
user_00329,1.64,0.22,0.327,8,1,0.32,24,0.775
user_00330,1.49,0.16,0.425,7,0,0.14,7,0.57
user_00331,2.78,0.23,0.225,12,0,0.3,16,0.685
user_00332,0.82,0.39,0.362,3,0,0.1,28,0.693
user_00333,5.11,0.87,0.053,36,1,0.67,23,0.897
user_00334,2.65,0.5,0.16,93,1,0.5,16,0.919
user_00335,1.85,0.73,0.13,87,1,0.61,20,0.465
user_00336,1.09,0.11,0.331,7,1,0.19,8,0.799
user_00337,3.94,0.8,0.169,45,1,0.79,25,0.588
user_00338,2.89,0.32,0.113,3,0,0.26,13,0.513
user_00339,2.71,0.2,0.165,9,1,0.18,33,0.858
user_00340,1.23,0.2,0.49,7,0,0.12,25,0.871
user_00341,4.41,0.94,0.058,49,1,0.55,17,0.943
user_00342,0.38,0.31,0.458,7,0,0.14,16,0.684
user_00343,3.08,0.93,0.182,62,1,0.5,27,0.957
user_00344,6.32,0.95,0.174,75,1,0.63,18,0.402
user_00345,0.95,0.26,0.491,3,0,0.2,20,0.425
user_00346,3.21,0.55,0.118,66,1,0.61,13,0.483
user_00347,1.0,0.32,0.243,4,0,0.3,6,0.487
user_00348,2.16,0.73,0.166,30,1,0.76,8,0.428
user_00349,2.99,0.2,0.214,8,1,0.23,7,0.554
user_00350,3.65,0.47,0.196,9,0,0.29,13,0.425
user_00351,0.85,0.34,0.44,4,1,0.1,21,0.608
user_00352,5.34,0.77,0.093,19,1,0.72,32,0.851
user_00353,0.56,0.14,0.465,4,0,0.08,30,0.898
user_00354,6.41,0.74,0.082,29,1,0.42,9,0.451
user_00355,0.77,0.22,0.305,4,1,0.08,3,0.437
user_00356,5.91,0.73,0.127,76,1,0.53,21,0.975
user_00357,3.69,0.45,0.252,4,1,0.15,6,0.78
user_00358,2.91,0.19,0.273,10,0,0.15,12,0.651
user_00359,1.68,0.85,0.195,73,1,0.64,15,0.776
user_00360,2.18,0.87,0.224,40,1,0.75,5,0.954
user_00361,1.63,0.63,0.122,64,1,0.76,16,0.429
user_00362,1.7,0.67,0.242,51,1,0.62,27,0.459
user_00363,2.27,0.69,0.103,91,1,0.67,22,0.568
user_00364,3.98,0.62,0.195,56,1,0.75,12,0.57
user_00365,2.56,0.2,0.236,5,1,0.23,31,0.82
user_00366,3.75,0.55,0.199,78,1,0.82,9,0.471
user_00367,2.36,0.51,0.181,38,1,0.54,10,0.621
user_00368,4.67,0.22,0.277,7,1,0.39,30,0.911
user_00369,0.77,0.13,0.488,2,0,0.15,17,0.72
user_00370,3.77,0.34,0.265,5,1,0.36,18,0.747
user_00371,4.53,0.47,0.204,9,0,0.33,11,0.972
user_00372,3.68,0.66,0.145,40,1,0.63,10,0.678
user_00373,2.94,0.8,0.174,32,1,0.61,31,0.501
user_00374,7.05,0.76,0.162,56,1,0.79,5,0.843
user_00375,1.63,0.6,0.203,69,1,0.58,27,0.629
user_00376,3.24,0.62,0.191,32,1,0.49,26,0.405
user_00377,0.6,0.22,0.516,7,0,0.15,30,0.94
user_00378,3.66,0.56,0.173,50,1,0.53,5,0.595
user_00379,4.02,0.25,0.327,6,0,0.33,16,0.631
user_00380,2.13,0.65,0.227,41,1,0.8,16,0.648
user_00381,1.46,0.35,0.212,11,1,0.22,21,0.626
user_00382,1.98,0.35,0.202,9,0,0.2,4,0.862
user_00383,2.22,0.23,0.163,9,1,0.21,18,0.852
user_00384,3.36,0.78,0.109,44,1,0.75,6,0.924
user_00385,6.49,0.97,0.172,64,1,0.49,11,0.578
user_00386,1.78,0.26,0.237,11,0,0.19,3,0.826
user_00387,3.81,0.8,0.2,25,1,0.73,34,0.508
user_00388,5.73,0.81,0.064,15,1,0.44,26,0.479
user_00389,4.31,0.42,0.309,6,1,0.37,9,0.698
user_00390,3.75,0.85,0.113,67,1,0.57,25,0.965
user_00391,4.77,0.29,0.222,8,1,0.3,23,0.618
user_00392,1.39,0.19,0.247,9,0,0.13,22,0.479
user_00393,1.56,0.32,0.288,8,1,0.26,7,0.967
user_00394,3.0,0.7,0.129,20,1,0.61,28,0.791
user_00395,1.49,0.24,0.195,7,1,0.13,25,0.92
user_00396,1.96,0.27,0.157,4,0,0.18,4,0.459
user_00397,3.96,0.65,0.13,29,1,0.56,24,0.524
user_00398,4.49,0.5,0.214,7,0,0.24,24,0.949
user_00399,1.75,0.23,0.16,5,0,0.24,28,0.512
user_00400,3.33,0.27,0.328,5,0,0.26,2,0.489
user_00401,0.95,0.25,0.541,7,1,0.13,7,0.521
user_00402,1.23,0.28,0.27,10,1,0.26,28,0.702
user_00403,2.9,0.42,0.256,8,1,0.33,10,0.723
user_00404,3.38,0.98,0.115,79,1,0.76,18,0.717
user_00405,0.66,0.25,0.56,7,0,0.07,11,0.447
user_00406,1.44,0.34,0.498,2,0,0.16,29,0.647
user_00407,3.23,0.46,0.327,3,1,0.2,15,0.423
user_00408,7.32,0.84,0.136,78,1,0.67,26,0.733
user_00409,7.98,0.65,0.177,74,1,0.55,7,0.694
user_00410,2.03,0.67,0.241,42,1,0.75,20,0.407
user_00411,1.65,0.26,0.276,9,1,0.17,29,0.816
user_00412,2.24,0.16,0.206,8,0,0.23,26,0.838
user_00413,2.59,0.36,0.193,6,0,0.3,7,0.893
user_00414,2.28,0.68,0.118,98,1,0.89,24,0.599
user_00415,5.26,0.99,0.057,51,1,0.48,3,0.538
user_00416,2.94,0.33,0.289,11,1,0.26,29,0.767
user_00417,6.16,0.62,0.094,45,1,0.47,21,0.438
user_00418,2.84,0.22,0.282,6,1,0.12,11,0.715
user_00419,2.84,0.34,0.131,12,1,0.17,33,0.732
user_00420,1.25,0.34,0.358,6,0,0.2,12,0.758
user_00421,5.83,0.85,0.161,27,1,0.41,20,0.957
user_00422,4.92,0.37,0.323,4,1,0.31,12,0.402
user_00423,2.39,0.47,0.173,8,1,0.24,10,0.425
user_00424,6.76,0.75,0.159,77,1,0.73,24,0.715
user_00425,7.77,0.94,0.114,77,1,0.47,26,0.725
user_00426,1.09,0.15,0.577,3,0,0.07,20,0.74
user_00427,1.61,0.45,0.205,9,0,0.19,25,0.965
user_00428,0.58,0.33,0.326,7,1,0.15,18,0.707
user_00429,3.91,0.82,0.193,45,1,0.79,3,0.779
user_00430,2.75,0.26,0.321,7,1,0.21,15,0.599
user_00431,3.4,0.74,0.141,97,1,0.64,14,0.9
user_00432,2.81,0.35,0.133,10,1,0.11,5,0.649
user_00433,2.2,0.43,0.293,3,1,0.15,8,0.949
user_00434,4.12,0.81,0.064,38,1,0.59,11,0.703
user_00435,3.98,0.86,0.153,69,1,0.66,3,0.929
user_00436,4.81,0.67,0.18,38,1,0.68,24,0.892
user_00437,0.99,0.11,0.379,1,1,0.19,20,0.914
user_00438,2.65,0.69,0.151,46,1,0.54,24,0.79
user_00439,1.09,0.15,0.17,12,0,0.19,7,0.472
user_00440,3.75,0.41,0.21,9,1,0.17,27,0.927
user_00441,0.97,0.31,0.46,3,1,0.16,30,0.826
user_00442,3.07,0.72,0.244,97,1,0.54,23,0.732
user_00443,1.42,0.2,0.32,1,1,0.19,15,0.886
user_00444,4.83,0.76,0.173,79,1,0.74,16,0.695
user_00445,2.49,0.22,0.216,6,1,0.26,27,0.534
user_00446,2.26,0.32,0.13,6,1,0.13,13,0.446
user_00447,0.86,0.19,0.5,2,1,0.15,22,0.97
user_00448,1.34,0.1,0.416,1,0,0.16,13,0.58
user_00449,1.66,0.33,0.315,2,0,0.26,25,0.537
user_00450,2.46,0.79,0.241,80,1,0.54,18,0.631
user_00451,3.19,0.63,0.125,26,1,0.79,9,0.975
user_00452,1.59,0.19,0.153,14,0,0.29,32,0.508
user_00453,1.39,0.19,0.158,8,1,0.1,30,0.715
user_00454,3.75,0.49,0.178,8,1,0.23,11,0.749
user_00455,2.97,0.46,0.304,6,1,0.26,21,0.723
user_00456,2.51,0.62,0.135,70,1,0.55,27,0.436
user_00457,4.1,0.99,0.159,56,1,0.44,26,0.524
user_00458,7.18,0.85,0.145,18,1,0.47,30,0.941
user_00459,1.99,0.4,0.299,6,1,0.28,3,0.473
user_00460,7.44,0.83,0.152,55,1,0.67,27,0.659
user_00461,2.65,0.37,0.199,4,1,0.39,16,0.794
user_00462,2.02,0.32,0.183,12,1,0.26,7,0.607
user_00463,1.77,0.16,0.262,14,1,0.19,20,0.571
user_00464,5.15,0.8,0.185,73,1,0.74,18,0.412
user_00465,6.38,0.69,0.169,59,1,0.54,3,0.419
user_00466,3.13,0.8,0.1,67,1,0.69,30,0.712
user_00467,0.32,0.29,0.437,7,1,0.08,7,0.768
user_00468,2.34,0.71,0.199,93,1,0.67,18,0.579
user_00469,4.57,0.41,0.281,3,0,0.23,34,0.944
user_00470,2.12,0.36,0.246,8,1,0.25,32,0.782
user_00471,3.9,0.34,0.263,3,1,0.37,34,0.952
user_00472,0.56,0.11,0.342,6,0,0.16,6,0.91
user_00473,1.62,0.21,0.246,13,1,0.27,11,0.601
user_00474,0.55,0.31,0.468,1,1,0.09,22,0.627
user_00475,4.94,0.8,0.094,76,1,0.57,19,0.834
user_00476,1.75,0.15,0.252,9,0,0.22,27,0.509
user_00477,2.39,0.35,0.274,3,1,0.15,33,0.705
user_00478,4.4,0.99,0.077,35,1,0.66,18,0.521
user_00479,4.45,0.27,0.238,7,1,0.4,26,0.594
user_00480,3.13,0.64,0.153,20,1,0.48,9,0.42
user_00481,2.23,0.17,0.256,14,0,0.16,20,0.538
user_00482,2.89,0.24,0.232,11,1,0.24,26,0.635
user_00483,1.28,0.38,0.511,7,0,0.05,33,0.47
user_00484,3.17,0.87,0.203,58,1,0.74,19,0.896
user_00485,2.5,0.3,0.109,13,1,0.29,27,0.965
user_00486,2.94,0.27,0.176,3,1,0.33,20,0.435
user_00487,1.17,0.33,0.181,14,1,0.3,31,0.546
user_00488,0.77,0.21,0.379,2,0,0.18,3,0.936
user_00489,4.1,0.87,0.137,15,1,0.74,4,0.602
user_00490,2.85,0.82,0.132,46,1,0.66,33,0.747
user_00491,1.18,0.25,0.113,7,1,0.16,12,0.872
user_00492,4.13,0.78,0.193,72,1,0.69,28,0.566
user_00493,4.23,0.29,0.246,5,1,0.31,30,0.477
user_00494,1.23,0.39,0.408,4,1,0.08,12,0.417
user_00495,4.38,0.49,0.162,2,1,0.25,12,0.751
user_00496,1.63,0.88,0.128,27,1,0.69,18,0.515
user_00497,3.74,0.75,0.153,49,1,0.57,17,0.573
user_00498,1.65,0.18,0.198,14,1,0.3,22,0.41
user_00499,3.7,0.94,0.138,40,1,0.58,9,0.791
user_00500,4.99,0.25,0.174,6,1,0.38,5,0.892
user_00501,0.62,0.17,0.502,5,0,0.15,21,0.773
user_00502,2.74,0.3,0.25,2,1,0.26,33,0.906
user_00503,5.8,0.84,0.196,43,1,0.69,24,0.441
user_00504,1.44,0.19,0.103,12,1,0.28,27,0.565
user_00505,3.36,0.8,0.25,28,1,0.54,18,0.863
user_00506,0.75,0.37,0.436,2,0,0.15,20,0.71
user_00507,3.47,0.57,0.186,48,1,0.69,9,0.861
user_00508,5.24,0.75,0.199,73,1,0.6,6,0.531
user_00509,1.76,0.46,0.236,7,1,0.18,16,0.543
user_00510,5.47,0.97,0.05,61,1,0.71,10,0.51
user_00511,2.57,0.21,0.117,12,0,0.27,22,0.953
user_00512,3.52,0.58,0.132,80,1,0.72,18,0.82
user_00513,2.56,0.55,0.162,43,1,0.85,24,0.447
user_00514,3.2,0.88,0.196,57,1,0.9,14,0.823
user_00515,1.16,0.21,0.15,3,0,0.13,2,0.456
user_00516,0.86,0.1,0.445,1,0,0.11,7,0.899
user_00517,3.27,0.66,0.18,69,1,0.81,13,0.539
user_00518,2.88,0.23,0.214,5,0,0.29,25,0.606
user_00519,1.22,0.23,0.546,1,0,0.16,11,0.886
user_00520,6.14,0.9,0.181,42,1,0.48,15,0.967
user_00521,1.37,0.1,0.59,7,0,0.11,32,0.63
user_00522,2.58,0.71,0.141,67,1,0.5,17,0.646
user_00523,5.95,0.7,0.089,24,1,0.47,19,0.47
user_00524,2.37,0.49,0.229,9,0,0.28,29,0.672
user_00525,5.58,0.82,0.151,79,1,0.65,28,0.882
user_00526,1.44,0.16,0.296,3,0,0.11,8,0.476
user_00527,0.45,0.14,0.547,7,0,0.14,11,0.639
user_00528,1.32,0.19,0.157,4,1,0.18,6,0.572
user_00529,1.36,0.32,0.501,5,0,0.19,14,0.854
user_00530,3.11,0.85,0.16,72,1,0.58,12,0.601
user_00531,1.97,0.24,0.231,9,1,0.24,18,0.408
user_00532,0.32,0.23,0.376,6,0,0.19,17,0.804
user_00533,1.25,0.34,0.125,14,0,0.2,25,0.886
user_00534,3.08,0.36,0.253,4,1,0.21,28,0.481
user_00535,1.88,0.36,0.302,2,1,0.38,32,0.5
user_00536,1.69,0.3,0.225,8,0,0.11,29,0.832
user_00537,1.08,0.16,0.509,1,0,0.08,26,0.566
user_00538,7.31,0.66,0.092,25,1,0.54,31,0.538
user_00539,1.7,0.67,0.18,99,1,0.9,28,0.963
user_00540,3.29,0.53,0.238,38,1,0.66,22,0.611
user_00541,2.15,0.34,0.107,14,1,0.14,16,0.94
user_00542,2.37,0.16,0.28,8,1,0.28,27,0.629
user_00543,3.2,0.9,0.065,62,1,0.73,32,0.957
user_00544,6.41,0.94,0.07,15,1,0.44,4,0.418
user_00545,1.54,0.16,0.171,6,1,0.2,11,0.566
user_00546,0.41,0.3,0.446,2,0,0.05,24,0.746
user_00547,7.0,0.99,0.19,15,1,0.68,10,0.733
user_00548,1.04,0.34,0.13,8,0,0.17,29,0.686
user_00549,1.09,0.1,0.319,1,0,0.12,20,0.915
user_00550,0.69,0.23,0.478,5,0,0.13,34,0.415
user_00551,2.88,0.83,0.22,86,1,0.64,21,0.768
user_00552,1.55,0.76,0.158,64,1,0.72,8,0.53
user_00553,2.91,0.69,0.199,75,1,0.89,20,0.675
user_00554,3.7,0.89,0.149,83,1,0.6,33,0.716
user_00555,4.53,0.38,0.15,2,1,0.3,21,0.589
user_00556,3.05,0.39,0.179,4,0,0.2,30,0.734
user_00557,1.55,0.72,0.243,69,1,0.63,12,0.726
user_00558,5.17,0.76,0.105,16,1,0.52,11,0.854
user_00559,2.22,0.76,0.128,40,1,0.83,29,0.645
user_00560,3.22,0.9,0.061,25,1,0.79,3,0.482
user_00561,2.29,0.22,0.235,10,0,0.19,16,0.781
user_00562,4.15,0.36,0.207,2,1,0.33,31,0.615
user_00563,4.6,0.42,0.262,6,1,0.28,17,0.783
user_00564,3.93,0.69,0.239,76,1,0.6,10,0.846
user_00565,1.3,0.36,0.482,2,0,0.16,22,0.813
user_00566,7.49,0.73,0.192,71,1,0.75,6,0.473
user_00567,1.61,0.4,0.313,5,0,0.19,26,0.74
user_00568,7.98,0.84,0.197,44,1,0.58,8,0.86
user_00569,2.54,0.39,0.234,2,1,0.27,13,0.489
user_00570,6.62,0.83,0.12,31,1,0.63,23,0.871
user_00571,0.73,0.18,0.38,3,1,0.05,19,0.956
user_00572,7.37,0.76,0.068,17,1,0.46,26,0.898
user_00573,5.05,0.94,0.197,73,1,0.75,20,0.7
user_00574,1.13,0.31,0.396,5,1,0.08,3,0.603
user_00575,7.88,0.98,0.091,54,1,0.75,8,0.521
user_00576,4.48,0.33,0.302,8,1,0.32,8,0.698
user_00577,1.84,0.46,0.246,9,1,0.22,13,0.573
user_00578,2.47,0.45,0.169,9,1,0.27,24,0.496
user_00579,1.72,0.24,0.106,14,1,0.13,8,0.805
user_00580,2.21,0.26,0.248,9,0,0.21,2,0.481
user_00581,1.19,0.26,0.407,5,1,0.09,24,0.407
user_00582,0.52,0.12,0.368,1,0,0.13,28,0.648
user_00583,3.42,0.67,0.121,59,1,0.76,9,0.769
user_00584,6.39,0.93,0.135,32,1,0.58,24,0.817
user_00585,4.77,0.41,0.157,6,0,0.16,30,0.738
user_00586,2.73,0.17,0.269,10,0,0.13,28,0.785
user_00587,1.9,0.27,0.211,7,1,0.26,9,0.665
user_00588,4.94,0.44,0.292,5,0,0.19,17,0.475
user_00589,1.11,0.31,0.152,4,0,0.28,20,0.952
user_00590,2.22,0.25,0.289,11,0,0.25,32,0.958
user_00591,3.27,0.8,0.178,49,1,0.63,3,0.855
user_00592,1.61,0.16,0.287,9,1,0.14,25,0.746
user_00593,2.84,0.21,0.247,10,0,0.27,8,0.406
user_00594,3.26,0.36,0.335,6,1,0.21,13,0.576
user_00595,5.97,0.68,0.089,57,1,0.42,26,0.446
user_00596,1.89,0.38,0.239,6,1,0.33,27,0.88
user_00597,1.39,0.34,0.208,12,0,0.18,29,0.6
user_00598,2.15,0.35,0.218,8,0,0.36,31,0.425
user_00599,2.44,0.24,0.231,11,1,0.28,4,0.919
user_00600,2.91,0.33,0.134,8,0,0.27,13,0.616
user_00601,1.02,0.29,0.313,7,1,0.17,8,0.894
user_00602,1.48,0.2,0.394,7,1,0.06,15,0.916
user_00603,1.1,0.26,0.203,5,1,0.28,16,0.481
user_00604,2.24,0.22,0.262,3,0,0.32,34,0.461
user_00605,2.32,0.85,0.212,38,1,0.75,6,0.627
user_00606,1.44,0.29,0.525,7,0,0.05,2,0.704
user_00607,6.45,0.96,0.194,22,1,0.77,12,0.587
user_00608,6.79,0.64,0.085,54,1,0.78,22,0.856
user_00609,2.27,0.65,0.17,96,1,0.64,4,0.609
user_00610,1.9,0.25,0.296,3,1,0.22,10,0.539
user_00611,2.34,0.87,0.198,26,1,0.57,7,0.595
user_00612,2.05,0.27,0.213,10,1,0.28,10,0.893
user_00613,0.98,0.23,0.465,7,0,0.06,22,0.892
user_00614,1.29,0.24,0.345,4,0,0.09,26,0.639
user_00615,4.59,0.41,0.218,9,1,0.4,33,0.495
user_00616,1.44,0.25,0.108,13,1,0.3,18,0.426
user_00617,1.33,0.14,0.554,3,1,0.17,29,0.793
user_00618,4.78,0.5,0.229,7,0,0.23,17,0.41
user_00619,6.84,0.94,0.167,44,1,0.61,12,0.793
user_00620,2.27,0.31,0.154,3,1,0.34,30,0.741
user_00621,2.42,0.86,0.17,52,1,0.52,33,0.511
user_00622,2.29,0.71,0.137,42,1,0.66,29,0.77
user_00623,3.42,0.8,0.193,29,1,0.88,22,0.911
user_00624,1.07,0.22,0.39,7,0,0.1,15,0.793
user_00625,3.31,0.35,0.239,2,1,0.23,7,0.635
user_00626,1.41,0.33,0.272,4,1,0.28,5,0.763
user_00627,1.36,0.12,0.466,4,0,0.18,27,0.424
user_00628,1.16,0.13,0.537,7,0,0.06,28,0.856
user_00629,1.32,0.23,0.269,7,0,0.13,8,0.472
user_00630,0.99,0.28,0.411,6,1,0.13,21,0.674
user_00631,1.27,0.39,0.491,5,0,0.1,25,0.478
user_00632,7.47,0.68,0.102,77,1,0.79,17,0.754
user_00633,3.25,0.56,0.116,86,1,0.87,33,0.959
user_00634,6.38,0.82,0.053,22,1,0.61,19,0.46
user_00635,1.37,0.28,0.542,2,0,0.18,20,0.461
user_00636,1.82,0.25,0.275,13,1,0.25,17,0.842
user_00637,1.56,0.73,0.233,73,1,0.73,23,0.937
user_00638,1.92,0.35,0.14,6,1,0.27,11,0.638
user_00639,4.43,0.42,0.203,8,1,0.38,14,0.92
user_00640,2.25,0.23,0.127,4,1,0.25,11,0.704
user_00641,2.85,0.24,0.173,6,1,0.14,5,0.531
user_00642,3.93,0.76,0.16,20,1,0.65,29,0.441
user_00643,1.59,0.75,0.12,35,1,0.77,15,0.474
user_00644,1.5,0.22,0.572,2,0,0.13,29,0.878
user_00645,2.58,0.28,0.229,5,1,0.27,23,0.766
user_00646,3.83,0.68,0.2,26,1,0.67,14,0.812
user_00647,2.86,0.3,0.213,5,0,0.17,8,0.736
user_00648,1.12,0.37,0.395,3,0,0.11,22,0.514
user_00649,2.72,0.25,0.237,11,1,0.14,23,0.584
user_00650,3.23,0.79,0.106,68,1,0.67,20,0.843
user_00651,5.08,0.75,0.161,47,1,0.48,30,0.413
user_00652,1.12,0.11,0.546,1,0,0.06,16,0.644
user_00653,0.82,0.12,0.584,7,0,0.13,34,0.92
user_00654,3.38,0.25,0.152,7,1,0.17,23,0.445
user_00655,2.3,0.16,0.158,3,1,0.11,21,0.947
user_00656,1.03,0.22,0.335,5,0,0.1,14,0.791
user_00657,1.66,0.6,0.186,80,1,0.87,23,0.533
user_00658,3.01,0.24,0.251,7,1,0.38,4,0.947
user_00659,4.44,0.31,0.302,4,0,0.39,17,0.48
user_00660,3.25,0.78,0.118,50,1,0.42,5,0.855
user_00661,3.68,0.63,0.12,95,1,0.66,13,0.846
user_00662,1.21,0.23,0.255,9,1,0.23,22,0.545
user_00663,4.04,0.67,0.056,27,1,0.74,14,0.803
user_00664,2.83,0.7,0.182,95,1,0.57,12,0.846
user_00665,5.92,0.79,0.132,60,1,0.62,28,0.728
user_00666,0.36,0.3,0.375,4,1,0.08,24,0.527
user_00667,1.51,0.28,0.292,3,0,0.13,7,0.672
user_00668,1.61,0.41,0.316,2,0,0.32,30,0.505
user_00669,1.23,0.13,0.564,7,0,0.15,11,0.612
user_00670,5.03,0.87,0.159,22,1,0.43,34,0.909
user_00671,2.07,0.15,0.132,5,1,0.22,3,0.658
user_00672,4.18,0.34,0.276,5,0,0.37,9,0.831
user_00673,1.9,0.32,0.13,12,0,0.13,25,0.736
user_00674,1.85,0.41,0.156,3,1,0.24,8,0.941
user_00675,3.04,0.51,0.24,33,1,0.61,25,0.923
user_00676,4.96,0.87,0.12,32,1,0.62,7,0.659
user_00677,0.57,0.29,0.437,6,0,0.07,28,0.576
user_00678,3.17,0.51,0.17,64,1,0.57,27,0.871
user_00679,1.36,0.12,0.426,4,0,0.12,18,0.924
user_00680,0.56,0.35,0.501,2,0,0.1,22,0.73
user_00681,2.03,0.27,0.138,3,1,0.29,34,0.599
user_00682,7.92,0.96,0.054,68,1,0.41,33,0.584
user_00683,2.58,0.17,0.124,11,0,0.24,18,0.812
user_00684,0.75,0.12,0.479,2,1,0.08,13,0.684
user_00685,5.03,0.77,0.195,45,1,0.53,31,0.661
user_00686,0.45,0.24,0.525,3,0,0.14,32,0.463
user_00687,1.16,0.2,0.387,7,0,0.13,26,0.502
user_00688,2.04,0.21,0.142,9,0,0.25,2,0.72
user_00689,1.68,0.61,0.136,76,1,0.65,31,0.727
user_00690,2.01,0.72,0.196,87,1,0.51,32,0.532
user_00691,2.9,0.44,0.303,4,1,0.18,12,0.711
user_00692,2.76,0.21,0.261,10,0,0.14,11,0.636
user_00693,3.1,0.66,0.246,43,1,0.89,21,0.486
user_00694,2.86,0.67,0.179,72,1,0.66,21,0.966
user_00695,1.75,0.27,0.188,7,1,0.18,7,0.675
user_00696,3.52,0.6,0.22,71,1,0.51,24,0.584
user_00697,3.1,0.87,0.217,78,1,0.87,27,0.772
user_00698,3.58,0.73,0.17,82,1,0.63,26,0.506
user_00699,1.47,0.17,0.1,5,1,0.28,25,0.682
user_00700,2.04,0.31,0.185,6,1,0.36,12,0.713
user_00701,3.35,0.66,0.172,92,1,0.64,22,0.883
user_00702,4.63,0.45,0.198,5,1,0.2,30,0.602
user_00703,2.98,0.25,0.146,3,1,0.13,30,0.602
user_00704,1.32,0.12,0.598,3,0,0.05,18,0.568
user_00705,1.58,0.27,0.301,2,1,0.32,11,0.429
user_00706,1.45,0.26,0.229,11,0,0.16,26,0.944
user_00707,7.56,0.79,0.099,23,1,0.41,26,0.65
user_00708,1.69,0.78,0.159,87,1,0.5,15,0.973
user_00709,0.57,0.29,0.304,6,0,0.07,25,0.621
user_00710,4.07,0.85,0.127,37,1,0.42,2,0.889
user_00711,7.31,0.78,0.051,43,1,0.59,31,0.683
user_00712,4.99,0.77,0.189,50,1,0.48,34,0.587
user_00713,6.57,0.83,0.185,63,1,0.49,13,0.419
user_00714,3.08,0.71,0.148,59,1,0.82,14,0.535
user_00715,1.26,0.26,0.505,7,0,0.12,11,0.779
user_00716,2.38,0.42,0.207,9,1,0.24,8,0.723
user_00717,2.89,0.51,0.116,22,1,0.56,7,0.68
user_00718,0.72,0.34,0.488,6,1,0.19,13,0.444
user_00719,4.53,0.29,0.273,4,1,0.17,22,0.658
user_00720,4.83,0.82,0.194,71,1,0.59,15,0.737
user_00721,4.4,0.21,0.215,4,1,0.26,3,0.517
user_00722,0.89,0.27,0.35,7,0,0.18,26,0.532
user_00723,2.87,0.57,0.223,63,1,0.62,14,0.77
user_00724,1.03,0.37,0.537,5,1,0.14,32,0.705
user_00725,3.41,0.89,0.132,73,1,0.67,13,0.751
user_00726,4.94,0.64,0.079,22,1,0.73,10,0.592
user_00727,0.71,0.31,0.45,1,0,0.16,9,0.512
user_00728,1.57,0.52,0.228,76,1,0.53,4,0.944
user_00729,0.74,0.29,0.369,7,0,0.08,25,0.851
user_00730,6.2,0.61,0.154,42,1,0.42,26,0.872
user_00731,3.02,0.5,0.248,86,1,0.52,18,0.476
user_00732,2.87,0.28,0.347,7,0,0.31,10,0.665
user_00733,1.53,0.33,0.157,9,1,0.22,21,0.832
user_00734,1.74,0.34,0.241,4,0,0.13,14,0.845
user_00735,5.14,0.91,0.121,31,1,0.76,8,0.926
user_00736,2.26,0.7,0.128,76,1,0.61,11,0.699
user_00737,7.77,0.9,0.16,37,1,0.63,4,0.514
user_00738,1.45,0.13,0.445,4,1,0.16,7,0.631
user_00739,0.96,0.13,0.387,5,0,0.06,11,0.418
user_00740,1.13,0.23,0.101,11,0,0.16,26,0.889
user_00741,1.4,0.22,0.293,12,0,0.11,9,0.855
user_00742,3.2,0.72,0.185,76,1,0.61,30,0.906
user_00743,5.69,0.78,0.119,65,1,0.61,29,0.889
user_00744,0.89,0.35,0.443,5,0,0.18,29,0.689
user_00745,2.57,0.69,0.247,56,1,0.58,32,0.415
user_00746,3.72,0.25,0.231,8,1,0.26,19,0.641
user_00747,7.7,0.92,0.173,67,1,0.46,2,0.537
user_00748,2.46,0.2,0.179,6,1,0.17,2,0.464
user_00749,0.84,0.36,0.455,2,0,0.12,10,0.515
user_00750,5.63,0.75,0.198,22,1,0.63,3,0.901
user_00751,2.18,0.18,0.297,9,1,0.29,18,0.796
user_00752,3.79,0.29,0.267,9,1,0.33,22,0.573
user_00753,0.39,0.38,0.438,2,0,0.11,20,0.463
user_00754,2.1,0.17,0.289,7,1,0.22,25,0.912
user_00755,3.13,0.57,0.24,62,1,0.66,31,0.535
user_00756,5.69,0.94,0.091,17,1,0.56,27,0.507
user_00757,1.95,0.27,0.214,4,1,0.29,32,0.634
user_00758,0.95,0.31,0.504,7,1,0.15,21,0.647
user_00759,5.28,0.93,0.097,33,1,0.76,4,0.972
user_00760,2.43,0.24,0.153,7,1,0.37,18,0.437
user_00761,2.31,0.3,0.191,8,0,0.12,34,0.816
user_00762,3.51,0.69,0.134,28,1,0.8,17,0.796
user_00763,1.18,0.22,0.516,1,0,0.1,27,0.549
user_00764,0.85,0.16,0.543,5,0,0.1,32,0.804
user_00765,3.61,0.8,0.091,36,1,0.47,32,0.465
user_00766,4.86,0.25,0.212,9,0,0.16,17,0.815
user_00767,6.63,0.88,0.107,41,1,0.51,15,0.611
user_00768,3.51,0.23,0.205,7,1,0.34,7,0.442
user_00769,3.66,0.7,0.137,56,1,0.86,32,0.923
user_00770,2.71,0.8,0.11,32,1,0.63,25,0.597
user_00771,5.95,0.89,0.166,63,1,0.61,14,0.503
user_00772,0.79,0.18,0.42,2,0,0.18,25,0.977
user_00773,2.87,0.23,0.188,10,0,0.21,6,0.907
user_00774,1.65,0.16,0.23,13,1,0.16,11,0.497
user_00775,0.72,0.29,0.566,3,0,0.1,30,0.602
user_00776,3.22,0.64,0.177,48,1,0.64,20,0.69
user_00777,3.35,0.79,0.164,49,1,0.71,10,0.48
user_00778,0.58,0.18,0.366,2,0,0.06,19,0.543
user_00779,2.36,0.48,0.301,5,1,0.3,29,0.637
user_00780,2.61,0.54,0.193,25,1,0.86,25,0.646
user_00781,3.7,0.56,0.229,74,1,0.9,33,0.567
user_00782,4.61,0.21,0.231,2,1,0.25,29,0.653
user_00783,2.97,0.56,0.139,57,1,0.55,14,0.848
user_00784,1.79,0.63,0.148,22,1,0.82,3,0.447
user_00785,1.71,0.37,0.308,3,0,0.21,24,0.554
user_00786,0.76,0.32,0.565,4,0,0.06,24,0.933
user_00787,3.59,0.57,0.124,57,1,0.64,24,0.918
user_00788,6.73,0.83,0.096,21,1,0.53,7,0.703
user_00789,1.15,0.25,0.265,14,1,0.1,4,0.73
user_00790,6.73,0.96,0.051,69,1,0.49,3,0.417
user_00791,1.99,0.53,0.219,93,1,0.65,34,0.753
user_00792,4.96,1.0,0.081,39,1,0.79,18,0.761
user_00793,3.92,0.7,0.204,77,1,0.73,7,0.869
user_00794,1.09,0.3,0.349,5,0,0.19,25,0.905
user_00795,7.11,0.99,0.108,48,1,0.46,30,0.421
user_00796,2.4,0.76,0.238,78,1,0.6,19,0.839
user_00797,6.12,0.9,0.176,74,1,0.8,11,0.609
user_00798,2.77,0.24,0.174,3,1,0.29,3,0.443
user_00799,1.72,0.28,0.264,3,1,0.37,26,0.852
user_00800,0.74,0.14,0.343,5,1,0.16,30,0.68
user_00801,3.03,0.88,0.223,81,1,0.78,12,0.59
user_00802,2.96,0.25,0.178,6,1,0.22,30,0.426
user_00803,3.84,0.87,0.114,46,1,0.71,9,0.806
user_00804,0.58,0.2,0.599,1,0,0.11,18,0.572
user_00805,4.34,0.2,0.331,5,1,0.28,21,0.711
user_00806,7.54,0.78,0.162,65,1,0.52,14,0.433
user_00807,1.95,0.24,0.228,10,1,0.29,18,0.601
user_00808,2.93,0.25,0.121,11,0,0.21,19,0.724
user_00809,1.41,0.31,0.346,3,0,0.06,24,0.851
user_00810,5.71,0.84,0.141,29,1,0.41,12,0.884
user_00811,0.58,0.23,0.54,5,0,0.09,14,0.978
user_00812,4.95,0.27,0.186,4,1,0.26,7,0.913
user_00813,3.89,0.29,0.332,8,1,0.24,10,0.559
user_00814,2.26,0.35,0.207,7,1,0.13,12,0.852
user_00815,0.57,0.39,0.599,2,0,0.09,22,0.716
user_00816,1.86,0.22,0.229,6,0,0.2,24,0.805
user_00817,4.62,0.81,0.057,31,1,0.78,27,0.924
user_00818,4.78,0.44,0.343,5,1,0.22,7,0.569
user_00819,1.88,0.48,0.24,6,1,0.36,34,0.516
user_00820,2.09,0.46,0.213,3,1,0.25,18,0.537
user_00821,6.47,0.61,0.099,54,1,0.41,20,0.582
user_00822,3.8,0.38,0.233,4,1,0.3,27,0.879
user_00823,1.18,0.38,0.489,6,1,0.06,6,0.709
user_00824,3.04,0.86,0.207,88,1,0.73,12,0.421
user_00825,3.68,0.93,0.16,74,1,0.49,33,0.589
user_00826,0.6,0.3,0.502,7,0,0.14,21,0.4
user_00827,6.17,0.84,0.094,62,1,0.67,24,0.9
user_00828,1.49,0.19,0.2,7,0,0.2,27,0.928
user_00829,2.51,0.49,0.225,7,0,0.15,22,0.944
user_00830,0.65,0.27,0.578,5,0,0.2,3,0.603
user_00831,2.42,0.57,0.102,98,1,0.8,5,0.583
user_00832,0.93,0.21,0.305,5,0,0.11,23,0.694
user_00833,2.92,0.25,0.297,6,1,0.15,8,0.879
user_00834,2.76,0.42,0.339,6,1,0.21,34,0.741
user_00835,1.83,0.23,0.118,3,1,0.28,3,0.95
user_00836,0.45,0.24,0.34,2,1,0.13,12,0.79
user_00837,6.19,0.84,0.071,67,1,0.59,30,0.64
user_00838,2.49,0.47,0.232,9,1,0.35,12,0.903
user_00839,1.48,0.19,0.199,8,0,0.15,27,0.753
user_00840,2.91,0.66,0.245,46,1,0.81,33,0.6
user_00841,4.23,0.89,0.128,60,1,0.51,28,0.712
user_00842,5.98,0.72,0.157,23,1,0.58,14,0.574
user_00843,2.88,0.3,0.285,7,0,0.15,11,0.907
user_00844,1.73,0.88,0.224,25,1,0.57,20,0.637
user_00845,3.79,0.61,0.168,29,1,0.46,18,0.791
user_00846,0.59,0.3,0.313,3,0,0.11,15,0.896
user_00847,2.95,0.71,0.222,65,1,0.64,8,0.565
user_00848,0.32,0.35,0.473,3,0,0.13,27,0.605
user_00849,1.6,0.15,0.176,13,1,0.2,13,0.523
user_00850,3.04,0.88,0.147,44,1,0.54,30,0.777
user_00851,1.81,0.62,0.233,37,1,0.69,21,0.667
user_00852,2.1,0.65,0.189,84,1,0.59,34,0.734
user_00853,3.69,0.35,0.325,7,0,0.3,23,0.659
user_00854,1.94,0.81,0.225,90,1,0.66,14,0.703
user_00855,2.84,0.33,0.12,11,0,0.13,18,0.735
user_00856,4.91,0.34,0.229,5,0,0.26,31,0.614
user_00857,3.62,0.71,0.149,58,1,0.65,8,0.949
user_00858,1.15,0.23,0.101,14,1,0.1,12,0.461
user_00859,0.91,0.37,0.573,3,0,0.2,3,0.978
user_00860,7.48,0.9,0.066,25,1,0.69,8,0.428
user_00861,1.54,0.32,0.101,7,1,0.17,15,0.494
user_00862,7.26,0.85,0.146,74,1,0.72,22,0.779
user_00863,3.78,0.22,0.186,4,1,0.22,34,0.634
user_00864,1.83,0.19,0.226,9,1,0.14,25,0.601
user_00865,5.07,0.83,0.089,59,1,0.63,33,0.429
user_00866,2.39,0.43,0.201,4,1,0.27,26,0.776
user_00867,2.53,0.34,0.196,7,1,0.17,34,0.483
user_00868,2.72,0.45,0.28,8,0,0.27,26,0.689
user_00869,7.31,0.69,0.076,30,1,0.76,32,0.73
user_00870,2.21,0.27,0.134,11,0,0.14,4,0.484
user_00871,1.04,0.32,0.457,2,0,0.19,24,0.672
user_00872,3.56,0.29,0.35,8,1,0.35,24,0.759
user_00873,1.2,0.15,0.549,4,0,0.06,19,0.449
user_00874,2.11,0.62,0.187,98,1,0.65,18,0.816
user_00875,4.24,0.25,0.307,7,0,0.16,32,0.787
user_00876,4.45,0.68,0.121,17,1,0.63,20,0.444
user_00877,3.55,0.35,0.189,8,1,0.27,31,0.954
user_00878,0.85,0.18,0.422,3,0,0.11,27,0.842
user_00879,3.54,0.51,0.107,31,1,0.71,21,0.431
user_00880,2.3,0.68,0.134,71,1,0.7,14,0.516
user_00881,0.82,0.4,0.359,4,1,0.08,12,0.654
user_00882,0.43,0.34,0.355,6,0,0.11,11,0.684
user_00883,3.08,0.67,0.235,70,1,0.7,33,0.834
user_00884,2.82,0.82,0.132,47,1,0.82,2,0.735
user_00885,2.71,0.33,0.23,12,1,0.3,20,0.927
user_00886,4.87,0.32,0.223,2,0,0.27,7,0.61
user_00887,5.74,0.94,0.127,66,1,0.43,25,0.809
user_00888,2.2,0.61,0.112,37,1,0.86,18,0.806
user_00889,6.26,0.8,0.131,74,1,0.58,34,0.501
user_00890,1.43,0.26,0.55,5,0,0.14,20,0.593
user_00891,3.33,0.45,0.191,6,1,0.32,9,0.649
user_00892,1.61,0.23,0.26,8,0,0.37,5,0.524
user_00893,2.18,0.28,0.107,4,1,0.1,6,0.441
user_00894,3.52,0.76,0.149,49,1,0.88,2,0.41
user_00895,7.16,0.77,0.184,31,1,0.73,11,0.459
user_00896,4.56,0.71,0.115,77,1,0.65,28,0.816
user_00897,3.17,0.77,0.235,66,1,0.82,3,0.702
user_00898,4.34,0.25,0.228,2,0,0.28,21,0.733
user_00899,5.7,0.77,0.196,40,1,0.79,11,0.755
user_00900,4.48,0.39,0.22,5,1,0.17,24,0.943
user_00901,2.1,0.31,0.267,6,1,0.32,23,0.672
user_00902,1.12,0.33,0.108,14,0,0.28,33,0.516
user_00903,0.89,0.24,0.399,3,1,0.15,24,0.826
user_00904,5.13,0.97,0.075,17,1,0.49,25,0.861
user_00905,0.5,0.19,0.523,7,0,0.12,3,0.908
user_00906,1.28,0.34,0.189,9,1,0.14,16,0.945
user_00907,7.81,0.85,0.168,64,1,0.79,16,0.558
user_00908,0.5,0.16,0.567,3,0,0.15,16,0.829
user_00909,2.06,0.62,0.205,41,1,0.75,32,0.675
user_00910,1.65,0.54,0.176,78,1,0.52,10,0.542
user_00911,1.64,0.32,0.139,14,1,0.27,15,0.87
user_00912,0.66,0.18,0.567,1,0,0.18,22,0.451
user_00913,3.78,0.49,0.217,3,0,0.35,7,0.916
user_00914,4.53,0.33,0.226,2,1,0.35,15,0.862
user_00915,7.89,0.8,0.144,30,1,0.54,5,0.81
user_00916,2.86,0.4,0.301,9,0,0.35,9,0.749
user_00917,3.51,0.76,0.149,26,1,0.68,26,0.883
user_00918,2.71,0.83,0.116,91,1,0.79,30,0.741
user_00919,0.76,0.16,0.528,6,0,0.14,34,0.453
user_00920,4.42,0.86,0.074,44,1,0.48,33,0.652
user_00921,2.67,0.87,0.208,80,1,0.59,11,0.871
user_00922,3.41,0.49,0.3,5,0,0.17,8,0.757
user_00923,7.18,0.89,0.103,49,1,0.7,2,0.665
user_00924,7.72,0.85,0.16,78,1,0.72,29,0.877
user_00925,3.45,0.87,0.194,31,1,0.61,24,0.675
user_00926,4.16,0.73,0.055,31,1,0.42,32,0.566
user_00927,3.65,0.34,0.158,5,1,0.36,21,0.404
user_00928,1.72,0.26,0.244,12,0,0.16,32,0.56
user_00929,2.06,0.9,0.125,53,1,0.78,8,0.588
user_00930,3.47,0.46,0.227,7,1,0.21,34,0.804
user_00931,4.46,0.62,0.175,49,1,0.44,7,0.94
user_00932,3.84,0.42,0.197,7,0,0.39,20,0.664
user_00933,2.22,0.31,0.167,8,0,0.25,15,0.571
user_00934,0.81,0.11,0.589,6,1,0.2,3,0.731
user_00935,2.66,0.2,0.185,3,1,0.18,7,0.402
user_00936,3.52,0.75,0.205,21,1,0.58,7,0.668
user_00937,2.25,0.32,0.348,2,1,0.27,22,0.431
user_00938,3.1,0.24,0.231,7,0,0.16,26,0.858
user_00939,0.55,0.15,0.464,4,0,0.13,22,0.909
user_00940,0.45,0.21,0.341,7,0,0.15,4,0.401
user_00941,3.05,0.27,0.203,5,1,0.38,3,0.499
user_00942,1.84,0.73,0.22,98,1,0.86,33,0.87
user_00943,3.32,0.8,0.216,32,1,0.59,24,0.821
user_00944,1.44,0.12,0.461,1,0,0.11,3,0.548
user_00945,2.73,0.85,0.135,57,1,0.67,3,0.825
user_00946,1.56,0.89,0.221,82,1,0.8,5,0.689
user_00947,0.76,0.37,0.353,7,0,0.1,28,0.646
user_00948,2.69,0.27,0.174,13,0,0.29,10,0.62
user_00949,4.96,0.92,0.099,68,1,0.58,21,0.535
user_00950,1.04,0.17,0.44,4,0,0.14,21,0.421
user_00951,1.02,0.33,0.43,1,0,0.16,29,0.881
user_00952,1.34,0.31,0.1,3,0,0.24,13,0.693
user_00953,3.49,0.36,0.267,8,1,0.25,11,0.408
user_00954,2.23,0.16,0.201,10,1,0.23,34,0.856
user_00955,0.89,0.16,0.405,5,1,0.08,7,0.835
user_00956,2.16,0.58,0.102,40,1,0.78,6,0.524
user_00957,0.83,0.3,0.432,1,0,0.12,11,0.853
user_00958,3.39,0.34,0.242,6,1,0.22,33,0.816
user_00959,2.91,0.59,0.238,61,1,0.56,4,0.961
user_00960,0.49,0.11,0.52,1,0,0.1,5,0.795
user_00961,1.28,0.21,0.444,6,0,0.07,23,0.431
user_00962,5.5,0.74,0.166,34,1,0.72,8,0.852
user_00963,1.67,0.27,0.108,6,1,0.18,23,0.482
user_00964,6.19,0.66,0.197,46,1,0.62,26,0.569
user_00965,2.77,0.23,0.223,10,0,0.13,28,0.722
user_00966,4.72,0.36,0.229,6,1,0.31,19,0.504
user_00967,1.35,0.32,0.395,6,0,0.05,6,0.562
user_00968,0.63,0.36,0.596,4,0,0.11,20,0.833
user_00969,2.87,0.26,0.239,4,1,0.2,19,0.853
user_00970,3.08,0.33,0.165,8,0,0.29,9,0.706
user_00971,1.99,0.9,0.145,93,1,0.56,10,0.439
user_00972,3.99,0.31,0.342,8,1,0.24,11,0.581
user_00973,2.8,0.55,0.13,85,1,0.86,30,0.484
user_00974,2.78,0.29,0.13,3,1,0.17,17,0.705
user_00975,3.44,0.75,0.063,22,1,0.77,4,0.621
user_00976,6.02,0.79,0.19,31,1,0.51,33,0.445
user_00977,0.91,0.31,0.352,1,0,0.19,30,0.444
user_00978,2.2,0.74,0.161,32,1,0.52,26,0.677
user_00979,3.95,0.21,0.217,8,0,0.29,18,0.824
user_00980,2.77,0.25,0.229,13,0,0.23,21,0.919
user_00981,7.76,0.72,0.087,74,1,0.71,33,0.738
user_00982,2.73,0.75,0.111,68,1,0.84,6,0.614
user_00983,0.93,0.21,0.435,5,0,0.1,3,0.881
user_00984,2.06,0.29,0.272,10,1,0.13,25,0.784
user_00985,7.04,0.87,0.186,38,1,0.8,34,0.753
user_00986,1.92,0.31,0.106,12,1,0.29,16,0.691
user_00987,2.69,0.32,0.247,7,0,0.23,8,0.61
user_00988,2.13,0.84,0.175,24,1,0.81,5,0.417
user_00989,1.91,0.45,0.305,8,0,0.33,19,0.855
user_00990,4.96,0.63,0.121,26,1,0.63,28,0.614
user_00991,2.51,0.22,0.243,5,1,0.15,28,0.951
user_00992,0.34,0.28,0.585,5,0,0.09,26,0.774
user_00993,3.06,0.25,0.242,6,1,0.31,24,0.476
user_00994,1.03,0.18,0.198,4,0,0.22,15,0.461
user_00995,0.47,0.11,0.563,3,0,0.2,22,0.564
user_00996,5.84,0.93,0.079,39,1,0.42,5,0.447
user_00997,0.54,0.37,0.329,1,1,0.15,33,0.712
user_00998,5.65,0.81,0.135,39,1,0.62,32,0.776
user_00999,3.5,0.37,0.286,4,0,0.27,4,0.694
user_01000,1.51,0.22,0.277,6,1,0.24,29,0.471
user_01001,3.09,0.95,0.171,40,1,0.8,25,0.907
user_01002,3.3,0.25,0.23,6,1,0.39,22,0.91
user_01003,0.47,0.32,0.559,6,0,0.12,4,0.849
user_01004,1.52,0.17,0.127,14,0,0.27,22,0.496
user_01005,5.71,0.85,0.122,61,1,0.43,27,0.678
user_01006,2.58,0.77,0.168,55,1,0.82,7,0.857
user_01007,1.1,0.35,0.406,4,1,0.16,18,0.473
user_01008,4.08,0.29,0.265,7,1,0.27,10,0.615
user_01009,1.8,0.57,0.196,32,1,0.83,11,0.729
user_01010,1.98,0.34,0.138,13,0,0.12,22,0.722
user_01011,5.9,0.74,0.129,15,1,0.54,20,0.537
user_01012,1.89,0.39,0.198,6,1,0.36,7,0.627
user_01013,1.05,0.24,0.222,4,0,0.21,28,0.947
user_01014,1.45,0.24,0.362,2,0,0.15,13,0.927
user_01015,3.32,0.71,0.141,46,1,0.41,34,0.764
user_01016,4.35,0.28,0.253,5,1,0.26,34,0.501
user_01017,2.12,0.31,0.281,9,1,0.26,14,0.674
user_01018,1.47,0.16,0.186,14,1,0.1,3,0.978
user_01019,2.98,0.2,0.194,6,1,0.28,17,0.833
user_01020,3.14,0.44,0.335,9,1,0.29,15,0.688
user_01021,4.8,0.39,0.321,4,0,0.35,33,0.734
user_01022,2.79,0.66,0.107,60,1,0.69,11,0.562
user_01023,2.16,0.2,0.152,7,0,0.26,32,0.934
user_01024,1.33,0.22,0.283,13,1,0.25,29,0.758
user_01025,4.79,0.39,0.18,3,1,0.25,11,0.741
user_01026,2.83,0.47,0.154,3,1,0.25,26,0.648
user_01027,1.8,0.55,0.24,32,1,0.74,24,0.421
user_01028,2.24,0.31,0.312,5,1,0.18,16,0.946
user_01029,6.87,0.71,0.099,64,1,0.42,2,0.895
user_01030,1.28,0.21,0.458,6,1,0.17,26,0.845
user_01031,4.88,0.46,0.279,6,0,0.17,5,0.629
user_01032,7.03,1.0,0.07,30,1,0.63,10,0.838
user_01033,4.78,0.22,0.342,6,0,0.2,34,0.608
user_01034,3.14,0.22,0.202,5,1,0.19,28,0.421
user_01035,6.67,0.82,0.08,23,1,0.47,25,0.668
user_01036,2.45,0.19,0.248,8,0,0.1,6,0.811
user_01037,1.79,0.27,0.174,13,1,0.25,24,0.943
user_01038,3.31,0.78,0.223,40,1,0.5,24,0.594
user_01039,0.71,0.38,0.474,6,0,0.14,4,0.711
user_01040,2.39,0.29,0.347,5,1,0.17,25,0.557
user_01041,1.55,0.35,0.235,14,1,0.25,7,0.792
user_01042,3.83,0.28,0.232,4,1,0.39,5,0.686
user_01043,0.54,0.34,0.408,3,0,0.18,5,0.48
user_01044,4.32,0.47,0.265,7,1,0.33,4,0.647
user_01045,3.21,0.56,0.137,77,1,0.85,13,0.836
user_01046,3.17,0.76,0.235,41,1,0.88,21,0.815
user_01047,3.32,0.94,0.141,51,1,0.78,18,0.617
user_01048,2.67,0.77,0.237,86,1,0.86,34,0.539
user_01049,2.47,0.82,0.247,67,1,0.55,14,0.973
user_01050,5.66,0.61,0.193,65,1,0.41,16,0.921
user_01051,1.05,0.13,0.394,3,0,0.05,20,0.916
user_01052,0.85,0.34,0.409,3,1,0.17,31,0.738
user_01053,3.41,0.74,0.155,55,1,0.77,19,0.754
user_01054,3.31,0.7,0.165,84,1,0.67,9,0.834
user_01055,0.38,0.38,0.595,3,0,0.1,5,0.884
user_01056,1.63,0.65,0.208,35,1,0.63,20,0.41
user_01057,3.77,0.62,0.129,72,1,0.67,4,0.583
user_01058,2.98,0.43,0.298,8,1,0.32,34,0.959
user_01059,2.92,0.58,0.144,59,1,0.53,7,0.448
user_01060,4.7,0.28,0.225,7,0,0.35,13,0.462
user_01061,7.94,0.84,0.127,26,1,0.47,32,0.669
user_01062,0.57,0.17,0.472,6,0,0.11,20,0.475
user_01063,3.68,0.5,0.314,2,0,0.35,30,0.818
user_01064,2.78,0.26,0.254,5,0,0.29,14,0.411
user_01065,2.71,0.24,0.266,9,1,0.36,25,0.521
user_01066,3.33,0.81,0.218,56,1,0.59,23,0.97
user_01067,2.62,0.23,0.293,9,0,0.37,30,0.608
user_01068,1.74,0.62,0.199,70,1,0.63,13,0.47
user_01069,1.34,0.16,0.234,13,0,0.24,23,0.484
user_01070,3.0,0.42,0.262,6,1,0.17,30,0.674
user_01071,3.47,0.76,0.177,61,1,0.76,22,0.5
user_01072,3.43,0.59,0.109,92,1,0.78,11,0.952
user_01073,5.56,0.62,0.081,47,1,0.62,14,0.876
user_01074,3.57,0.55,0.238,76,1,0.65,32,0.696
user_01075,0.37,0.39,0.344,3,0,0.17,28,0.905
user_01076,1.71,0.71,0.233,24,1,0.69,8,0.66
user_01077,1.94,0.19,0.287,10,0,0.23,22,0.803
user_01078,1.26,0.2,0.377,5,0,0.09,16,0.747
user_01079,1.8,0.29,0.282,9,1,0.24,18,0.625
user_01080,2.54,0.19,0.177,8,1,0.24,17,0.87
user_01081,2.86,0.17,0.106,11,1,0.23,34,0.555
user_01082,0.37,0.2,0.438,3,0,0.07,14,0.49
user_01083,2.7,0.77,0.174,36,1,0.54,14,0.466
user_01084,1.64,0.22,0.268,10,1,0.23,4,0.974
user_01085,0.56,0.32,0.455,7,0,0.08,4,0.71
user_01086,1.53,0.58,0.216,70,1,0.79,19,0.934
user_01087,2.06,0.68,0.117,20,1,0.62,7,0.779
user_01088,5.95,0.62,0.058,27,1,0.74,21,0.448
user_01089,3.57,0.23,0.311,5,1,0.38,31,0.417
user_01090,3.98,0.49,0.264,7,1,0.37,13,0.528
user_01091,2.2,0.22,0.175,11,0,0.26,12,0.401
user_01092,5.54,0.64,0.104,71,1,0.64,19,0.851
user_01093,7.88,0.7,0.158,29,1,0.53,22,0.92
user_01094,0.49,0.27,0.499,6,1,0.06,4,0.531
user_01095,2.9,0.22,0.239,6,1,0.22,9,0.554
user_01096,2.84,0.34,0.157,4,0,0.2,12,0.748
user_01097,5.17,0.96,0.136,52,1,0.55,28,0.752
user_01098,5.34,0.88,0.199,35,1,0.72,15,0.668
user_01099,0.66,0.14,0.334,4,1,0.07,14,0.552
user_01100,1.37,0.4,0.335,2,1,0.11,8,0.616
user_01101,4.1,0.46,0.193,2,1,0.28,30,0.789
user_01102,3.41,0.34,0.33,4,1,0.26,23,0.653
user_01103,2.91,0.42,0.32,7,1,0.39,26,0.872
user_01104,1.46,0.19,0.204,3,1,0.13,21,0.513
user_01105,4.36,0.5,0.206,3,1,0.39,8,0.786
user_01106,1.63,0.85,0.228,22,1,0.54,23,0.61
user_01107,5.78,0.71,0.194,27,1,0.69,21,0.481
user_01108,2.67,0.22,0.18,4,1,0.13,30,0.764
user_01109,1.58,0.61,0.175,22,1,0.68,32,0.815
user_01110,0.68,0.31,0.334,5,0,0.12,20,0.606
user_01111,1.38,0.18,0.147,9,1,0.17,9,0.434
user_01112,4.24,0.28,0.179,3,1,0.18,5,0.625
user_01113,2.64,0.5,0.159,31,1,0.73,12,0.52
user_01114,2.51,0.81,0.191,67,1,0.54,23,0.528
user_01115,3.68,0.33,0.247,2,0,0.36,33,0.523
user_01116,1.4,0.19,0.523,6,0,0.1,15,0.764
user_01117,0.92,0.3,0.453,2,1,0.12,19,0.882
user_01118,1.6,0.31,0.195,8,1,0.23,14,0.955
user_01119,1.94,0.67,0.193,23,1,0.8,16,0.49
user_01120,2.89,0.23,0.206,13,1,0.17,11,0.979
user_01121,2.55,0.32,0.278,14,1,0.16,7,0.47
user_01122,2.37,0.31,0.135,5,1,0.12,30,0.845
user_01123,3.31,0.56,0.17,70,1,0.78,23,0.669
user_01124,4.7,0.6,0.133,16,1,0.7,31,0.59
user_01125,2.84,0.63,0.215,47,1,0.83,32,0.667
user_01126,3.46,0.62,0.104,51,1,0.43,20,0.517
user_01127,2.38,0.63,0.214,81,1,0.81,14,0.868
user_01128,2.67,0.19,0.132,7,0,0.2,28,0.757
user_01129,4.04,0.3,0.341,7,0,0.38,10,0.672
user_01130,2.65,0.4,0.349,6,1,0.38,31,0.611
user_01131,2.51,0.16,0.211,5,1,0.12,19,0.848
user_01132,2.97,0.76,0.103,67,1,0.51,23,0.555
user_01133,1.96,0.78,0.106,36,1,0.84,5,0.932
user_01134,3.36,0.58,0.217,82,1,0.54,22,0.512
user_01135,3.14,0.65,0.117,41,1,0.46,34,0.536
user_01136,0.82,0.28,0.533,1,0,0.06,21,0.737
user_01137,3.4,0.68,0.088,65,1,0.73,15,0.447
user_01138,1.05,0.32,0.411,3,1,0.14,22,0.733
user_01139,4.59,0.33,0.235,7,0,0.21,27,0.482
user_01140,4.39,0.78,0.185,28,1,0.66,15,0.809
user_01141,0.62,0.12,0.456,4,0,0.09,26,0.593
user_01142,4.29,0.89,0.052,24,1,0.5,12,0.953
user_01143,1.97,0.64,0.101,80,1,0.81,13,0.922
user_01144,3.9,0.49,0.161,2,0,0.3,33,0.854
user_01145,3.29,0.6,0.242,72,1,0.73,33,0.96
user_01146,6.73,0.67,0.085,57,1,0.44,20,0.72
user_01147,0.53,0.33,0.447,5,1,0.07,17,0.786
user_01148,0.56,0.28,0.572,5,0,0.18,25,0.503
user_01149,3.34,0.88,0.114,93,1,0.53,2,0.615
user_01150,3.01,0.43,0.314,7,1,0.27,16,0.687
user_01151,3.07,0.78,0.173,18,1,0.73,2,0.98
user_01152,2.86,0.73,0.116,26,1,0.7,24,0.922
user_01153,2.49,0.26,0.139,13,1,0.2,4,0.758
user_01154,1.51,0.71,0.159,69,1,0.59,8,0.922
user_01155,1.32,0.37,0.574,6,0,0.11,29,0.694
user_01156,1.4,0.28,0.229,9,0,0.19,16,0.92
user_01157,2.41,0.47,0.236,9,0,0.37,25,0.482
user_01158,1.98,0.66,0.126,64,1,0.51,22,0.624
user_01159,5.51,0.7,0.153,49,1,0.54,23,0.774
user_01160,2.0,0.28,0.156,13,1,0.12,5,0.778
user_01161,2.06,0.89,0.119,42,1,0.66,30,0.803
user_01162,3.51,0.76,0.227,97,1,0.65,3,0.438
user_01163,7.29,0.66,0.18,53,1,0.46,18,0.619
user_01164,3.96,0.53,0.191,48,1,0.67,19,0.495
user_01165,3.79,0.54,0.129,51,1,0.77,5,0.759
user_01166,1.53,0.28,0.289,13,1,0.23,14,0.632
user_01167,4.1,0.31,0.195,9,1,0.23,21,0.696
user_01168,3.95,0.88,0.246,41,1,0.5,6,0.403
user_01169,2.41,0.35,0.108,3,1,0.11,8,0.931
user_01170,1.83,0.4,0.251,9,0,0.2,18,0.509
user_01171,1.91,0.25,0.239,8,0,0.38,11,0.628
user_01172,0.43,0.13,0.556,3,0,0.2,15,0.881
user_01173,1.4,0.26,0.512,6,1,0.16,14,0.44
user_01174,3.69,0.69,0.137,66,1,0.52,9,0.753
user_01175,3.8,0.48,0.182,9,1,0.28,23,0.566
user_01176,0.81,0.17,0.353,4,0,0.11,28,0.62
user_01177,0.68,0.32,0.524,5,0,0.18,20,0.857
user_01178,1.11,0.35,0.516,1,1,0.12,12,0.669
user_01179,1.48,0.28,0.176,7,1,0.2,13,0.56
user_01180,1.39,0.36,0.591,4,0,0.1,29,0.473
user_01181,5.46,0.98,0.132,50,1,0.77,31,0.805
user_01182,6.36,0.93,0.078,73,1,0.48,12,0.459
user_01183,5.28,0.82,0.068,22,1,0.71,5,0.876
user_01184,7.75,0.62,0.169,21,1,0.58,28,0.615
user_01185,2.38,0.24,0.167,9,1,0.15,23,0.634
user_01186,4.72,0.43,0.312,8,1,0.26,20,0.813
user_01187,2.46,0.32,0.229,7,1,0.14,14,0.714
user_01188,3.48,0.43,0.164,7,0,0.26,31,0.413
user_01189,4.95,0.33,0.34,7,0,0.32,7,0.871
user_01190,1.26,0.32,0.172,11,0,0.14,11,0.611
user_01191,4.48,0.67,0.125,18,1,0.78,13,0.825
user_01192,1.16,0.36,0.585,5,1,0.12,17,0.939
user_01193,1.44,0.28,0.105,11,1,0.23,16,0.437
user_01194,2.32,0.75,0.208,84,1,0.56,16,0.897
user_01195,3.75,0.65,0.11,39,1,0.67,25,0.484
user_01196,1.65,0.31,0.192,4,1,0.34,29,0.566
user_01197,1.47,0.23,0.19,7,1,0.18,32,0.566
user_01198,4.88,0.38,0.277,5,1,0.26,16,0.924
user_01199,3.95,0.65,0.125,46,1,0.88,22,0.448
user_01200,5.9,0.73,0.176,51,1,0.56,34,0.978
user_01201,4.8,0.93,0.194,57,1,0.47,15,0.716
user_01202,2.95,0.31,0.216,7,0,0.3,33,0.676
user_01203,0.45,0.22,0.326,7,1,0.05,32,0.608
user_01204,1.66,0.61,0.202,49,1,0.6,18,0.963
user_01205,2.45,0.55,0.165,50,1,0.5,9,0.865
user_01206,3.13,0.58,0.187,21,1,0.59,6,0.418
user_01207,4.42,0.25,0.303,3,1,0.33,31,0.498
user_01208,0.37,0.36,0.519,2,0,0.11,28,0.956
user_01209,6.94,0.93,0.083,74,1,0.46,9,0.71
user_01210,0.55,0.33,0.345,6,0,0.05,5,0.835
user_01211,4.83,0.41,0.214,2,1,0.37,10,0.917
user_01212,1.28,0.27,0.308,4,1,0.1,28,0.729
user_01213,2.75,0.73,0.207,68,1,0.69,32,0.485
user_01214,2.05,0.32,0.153,13,0,0.13,5,0.645
user_01215,2.82,0.34,0.292,3,1,0.21,6,0.479
user_01216,3.23,0.34,0.152,7,0,0.27,25,0.977
user_01217,4.64,0.78,0.118,24,1,0.55,34,0.416
user_01218,0.56,0.2,0.578,6,0,0.11,8,0.866
user_01219,1.38,0.2,0.177,9,1,0.11,11,0.728
user_01220,3.51,0.49,0.323,4,0,0.23,27,0.815
user_01221,4.49,0.41,0.328,4,1,0.25,24,0.961
user_01222,1.06,0.24,0.209,11,0,0.11,33,0.854
user_01223,1.68,0.17,0.229,6,0,0.16,6,0.504
user_01224,3.8,0.44,0.237,3,1,0.23,22,0.521
user_01225,3.73,0.87,0.163,22,1,0.9,12,0.652
user_01226,0.7,0.38,0.561,2,1,0.18,8,0.582
user_01227,0.96,0.18,0.6,7,0,0.05,23,0.89
user_01228,1.38,0.34,0.182,11,1,0.18,16,0.828
user_01229,3.62,0.29,0.335,9,1,0.16,31,0.973
user_01230,1.19,0.16,0.132,7,0,0.29,9,0.726
user_01231,1.39,0.35,0.139,9,0,0.15,27,0.815
user_01232,1.02,0.33,0.189,10,0,0.19,3,0.604
user_01233,1.37,0.35,0.444,3,1,0.11,28,0.819
user_01234,2.7,0.89,0.227,89,1,0.81,28,0.726
user_01235,0.42,0.12,0.558,5,0,0.09,9,0.45
user_01236,1.38,0.29,0.164,7,1,0.13,6,0.441
user_01237,5.37,1.0,0.115,21,1,0.68,12,0.852
user_01238,3.41,0.41,0.35,8,1,0.4,5,0.8
user_01239,1.21,0.2,0.214,8,0,0.25,18,0.679
user_01240,0.65,0.34,0.54,1,0,0.09,12,0.697
user_01241,2.51,0.26,0.285,9,1,0.33,10,0.979
user_01242,2.02,0.23,0.218,12,0,0.18,3,0.577
user_01243,3.69,0.65,0.186,62,1,0.54,12,0.572
user_01244,2.98,0.27,0.173,9,1,0.27,9,0.673
user_01245,2.77,0.31,0.306,9,1,0.31,9,0.54
user_01246,1.34,0.3,0.499,6,0,0.1,7,0.712
user_01247,4.84,0.45,0.202,8,1,0.27,19,0.417
user_01248,2.94,0.45,0.226,6,1,0.19,6,0.637
user_01249,6.23,0.87,0.088,44,1,0.45,20,0.578
user_01250,3.39,0.32,0.186,9,1,0.17,33,0.754
user_01251,1.92,0.34,0.151,5,1,0.26,8,0.931
user_01252,2.66,0.77,0.149,99,1,0.67,21,0.959
user_01253,1.11,0.3,0.233,13,1,0.13,10,0.653
user_01254,2.24,0.67,0.173,20,1,0.78,14,0.617
user_01255,3.09,0.47,0.289,8,0,0.36,34,0.97
user_01256,4.64,0.64,0.138,31,1,0.48,13,0.614
user_01257,2.57,0.64,0.201,34,1,0.62,19,0.653
user_01258,1.21,0.21,0.564,2,0,0.2,32,0.702
user_01259,0.92,0.2,0.487,1,0,0.14,15,0.8
user_01260,3.45,0.39,0.33,4,1,0.18,13,0.688
user_01261,1.03,0.34,0.525,3,0,0.08,22,0.949
user_01262,6.74,0.8,0.086,18,1,0.54,10,0.411
user_01263,3.15,0.99,0.061,59,1,0.52,20,0.473
user_01264,0.73,0.34,0.45,7,0,0.18,15,0.552
user_01265,1.97,0.71,0.135,86,1,0.61,12,0.585
user_01266,1.1,0.21,0.18,9,1,0.3,19,0.675
user_01267,3.65,0.78,0.107,37,1,0.67,20,0.607
user_01268,2.48,0.6,0.11,26,1,0.58,18,0.591
user_01269,3.61,0.88,0.207,94,1,0.87,8,0.924
user_01270,3.43,0.79,0.154,88,1,0.53,11,0.809
user_01271,2.39,0.67,0.139,35,1,0.5,20,0.682
user_01272,1.66,0.88,0.215,37,1,0.7,16,0.879
user_01273,1.2,0.27,0.555,5,0,0.06,19,0.457
user_01274,7.47,0.67,0.069,76,1,0.77,29,0.752
user_01275,3.53,0.65,0.059,37,1,0.79,13,0.905
user_01276,2.96,0.17,0.152,5,0,0.27,3,0.695
user_01277,1.35,0.18,0.225,11,1,0.25,20,0.635
user_01278,4.6,0.32,0.314,6,0,0.34,4,0.828
user_01279,1.27,0.37,0.505,6,0,0.08,28,0.734
user_01280,1.67,0.19,0.122,11,0,0.13,22,0.669
user_01281,2.4,0.18,0.22,13,1,0.25,12,0.691
user_01282,3.23,0.53,0.106,39,1,0.57,20,0.72
user_01283,1.83,0.87,0.154,86,1,0.72,16,0.498
user_01284,7.34,0.61,0.087,58,1,0.51,18,0.916
user_01285,4.12,0.29,0.302,6,1,0.26,25,0.733
user_01286,2.17,0.45,0.162,2,1,0.16,28,0.704
user_01287,4.05,0.26,0.219,9,0,0.28,18,0.77
user_01288,2.42,0.2,0.183,5,0,0.11,24,0.83
user_01289,0.33,0.38,0.505,2,0,0.15,20,0.465
user_01290,1.59,0.24,0.197,9,1,0.18,3,0.728
user_01291,3.37,0.93,0.137,30,1,0.76,15,0.435
user_01292,6.76,0.88,0.093,47,1,0.74,23,0.551
user_01293,5.58,0.96,0.057,18,1,0.72,28,0.647
user_01294,3.8,0.47,0.331,6,1,0.32,22,0.812
user_01295,0.68,0.13,0.585,5,1,0.14,12,0.644
user_01296,1.36,0.12,0.389,3,0,0.07,9,0.527
user_01297,2.53,0.78,0.176,90,1,0.82,16,0.674
user_01298,0.55,0.12,0.451,7,0,0.19,5,0.441
user_01299,3.71,0.37,0.234,2,1,0.37,9,0.925
user_01300,2.27,0.25,0.221,6,0,0.28,26,0.878
user_01301,1.6,0.17,0.246,6,1,0.17,25,0.95
user_01302,1.13,0.39,0.589,6,1,0.11,30,0.706
user_01303,4.42,0.87,0.097,24,1,0.53,34,0.925
user_01304,2.12,0.43,0.214,5,1,0.36,13,0.89
user_01305,1.41,0.17,0.448,2,0,0.09,22,0.965
user_01306,1.52,0.19,0.192,7,1,0.24,31,0.563
user_01307,3.46,0.65,0.141,21,1,0.66,32,0.752
user_01308,1.61,0.56,0.158,66,1,0.85,9,0.583
user_01309,2.09,0.24,0.183,6,1,0.2,27,0.579
user_01310,0.57,0.31,0.312,7,0,0.05,31,0.531
user_01311,2.71,0.3,0.148,13,1,0.11,13,0.485
user_01312,2.5,0.2,0.276,5,0,0.14,8,0.64
user_01313,2.51,0.24,0.257,13,0,0.1,4,0.761
user_01314,2.98,0.27,0.164,4,0,0.25,32,0.886
user_01315,1.22,0.18,0.304,3,1,0.14,5,0.571
user_01316,3.76,0.67,0.15,75,1,0.52,22,0.624
user_01317,4.52,0.69,0.155,55,1,0.5,13,0.733
user_01318,1.34,0.26,0.578,6,1,0.14,6,0.59
user_01319,4.18,0.4,0.183,7,1,0.22,20,0.779
user_01320,1.05,0.2,0.281,3,1,0.25,28,0.9
user_01321,1.29,0.17,0.272,6,1,0.26,3,0.929
user_01322,3.78,0.88,0.131,26,1,0.51,32,0.57
user_01323,7.08,0.96,0.143,77,1,0.49,18,0.883
user_01324,0.7,0.25,0.415,3,0,0.05,32,0.561
user_01325,7.92,0.84,0.125,76,1,0.68,20,0.511
user_01326,1.24,0.3,0.219,7,1,0.28,20,0.844
user_01327,2.68,0.5,0.151,22,1,0.51,8,0.727
user_01328,1.4,0.38,0.344,7,1,0.14,26,0.504
user_01329,0.3,0.38,0.549,5,0,0.14,9,0.553
user_01330,5.3,0.93,0.113,54,1,0.52,3,0.853
user_01331,1.97,0.43,0.337,7,1,0.18,7,0.79
user_01332,4.27,0.33,0.236,9,1,0.32,7,0.579
user_01333,1.44,0.21,0.33,2,0,0.08,13,0.891
user_01334,1.09,0.22,0.105,10,0,0.15,29,0.653
user_01335,2.28,0.43,0.247,6,1,0.39,9,0.854
user_01336,0.97,0.13,0.408,2,0,0.08,29,0.542
user_01337,3.25,0.39,0.192,7,1,0.27,19,0.635
user_01338,1.01,0.26,0.578,6,0,0.15,17,0.671
user_01339,3.47,0.86,0.1,17,1,0.64,21,0.572
user_01340,2.58,0.39,0.251,4,0,0.22,19,0.526
user_01341,4.31,0.7,0.183,32,1,0.77,25,0.883
user_01342,2.3,0.29,0.225,12,1,0.19,6,0.624
user_01343,4.48,0.79,0.182,78,1,0.45,27,0.68
user_01344,3.1,0.94,0.189,18,1,0.58,12,0.752
user_01345,1.25,0.19,0.536,4,1,0.12,5,0.535
user_01346,2.69,0.43,0.307,6,1,0.36,3,0.44
user_01347,3.48,0.81,0.12,28,1,0.86,21,0.651
user_01348,1.87,0.21,0.345,9,1,0.31,27,0.91
user_01349,2.38,0.25,0.281,9,1,0.37,3,0.494
user_01350,7.88,0.84,0.076,61,1,0.61,8,0.875
user_01351,2.33,0.33,0.206,6,1,0.15,22,0.785
user_01352,5.29,0.85,0.156,51,1,0.66,20,0.96
user_01353,3.01,0.83,0.172,73,1,0.41,16,0.933
user_01354,5.41,0.62,0.134,35,1,0.71,28,0.82
user_01355,3.51,0.65,0.071,72,1,0.46,11,0.571
user_01356,3.51,0.4,0.218,4,0,0.29,2,0.752
user_01357,2.19,0.34,0.222,6,1,0.19,32,0.817
user_01358,1.85,0.78,0.16,78,1,0.85,11,0.843
user_01359,3.65,0.71,0.18,53,1,0.81,26,0.45
user_01360,3.21,0.87,0.161,67,1,0.89,18,0.766
user_01361,1.13,0.22,0.511,5,0,0.17,15,0.863
user_01362,1.42,0.35,0.573,4,0,0.09,31,0.752
user_01363,0.41,0.18,0.362,2,0,0.05,5,0.95
user_01364,1.69,0.29,0.12,5,1,0.22,28,0.568
user_01365,4.9,0.31,0.324,5,1,0.16,30,0.43
user_01366,5.08,0.91,0.062,53,1,0.52,33,0.803
user_01367,2.44,0.58,0.208,89,1,0.51,10,0.498
user_01368,3.95,0.65,0.071,39,1,0.79,6,0.966
user_01369,5.3,0.85,0.107,42,1,0.73,15,0.745
user_01370,1.06,0.28,0.319,1,0,0.11,8,0.541
user_01371,0.87,0.3,0.587,5,0,0.13,23,0.882
user_01372,2.6,0.42,0.298,5,1,0.32,5,0.728
user_01373,2.22,0.56,0.153,94,1,0.66,23,0.839
user_01374,2.59,0.89,0.129,54,1,0.72,14,0.653
user_01375,3.88,0.62,0.146,42,1,0.5,33,0.888
user_01376,2.52,0.39,0.151,7,1,0.34,30,0.971
user_01377,4.19,0.37,0.204,4,1,0.23,21,0.621
user_01378,1.63,0.28,0.193,7,1,0.33,9,0.955
user_01379,7.51,0.82,0.153,37,1,0.56,14,0.919
user_01380,2.09,0.33,0.136,4,0,0.22,2,0.424
user_01381,3.55,0.31,0.167,5,1,0.25,3,0.537
user_01382,5.7,0.79,0.147,40,1,0.65,27,0.889
user_01383,4.83,0.78,0.157,50,1,0.76,16,0.636
user_01384,1.21,0.31,0.34,3,0,0.17,23,0.924
user_01385,2.1,0.38,0.185,2,1,0.38,26,0.929
user_01386,2.09,0.22,0.127,4,1,0.13,2,0.927
user_01387,4.75,0.92,0.065,28,1,0.4,21,0.569
user_01388,1.13,0.24,0.391,5,0,0.09,29,0.431
user_01389,4.25,0.93,0.12,36,1,0.79,10,0.89
user_01390,3.18,0.84,0.101,63,1,0.56,31,0.6
user_01391,1.0,0.11,0.563,1,0,0.14,13,0.479
user_01392,0.94,0.17,0.378,1,0,0.15,32,0.65
user_01393,5.15,0.97,0.1,70,1,0.78,33,0.956
user_01394,1.81,0.46,0.329,7,1,0.32,29,0.564
user_01395,3.59,0.2,0.215,3,1,0.22,13,0.582
user_01396,7.41,0.62,0.188,60,1,0.48,31,0.441
user_01397,4.71,0.27,0.199,5,1,0.35,17,0.882
user_01398,2.87,0.78,0.229,97,1,0.81,31,0.622
user_01399,1.89,0.41,0.349,8,0,0.16,17,0.71
user_01400,6.6,0.82,0.084,20,1,0.44,30,0.587
user_01401,1.66,0.23,0.193,6,0,0.16,30,0.93
user_01402,0.91,0.35,0.551,3,0,0.05,6,0.957
user_01403,3.38,0.83,0.2,75,1,0.74,31,0.506
user_01404,2.73,0.83,0.222,63,1,0.53,28,0.702
user_01405,3.8,0.24,0.229,7,1,0.36,21,0.963
user_01406,7.63,0.73,0.157,69,1,0.71,13,0.455
user_01407,2.38,0.2,0.282,8,0,0.12,30,0.566
user_01408,2.54,0.53,0.147,60,1,0.81,30,0.406
user_01409,3.42,0.4,0.249,7,1,0.28,29,0.419
user_01410,1.88,0.83,0.147,98,1,0.67,31,0.812
user_01411,2.24,0.47,0.164,4,1,0.17,14,0.491
user_01412,1.51,0.3,0.242,3,1,0.2,7,0.964
user_01413,3.19,0.96,0.185,43,1,0.56,22,0.885
user_01414,6.45,0.72,0.177,21,1,0.41,16,0.511
user_01415,4.02,0.91,0.086,55,1,0.63,2,0.966
user_01416,2.74,0.3,0.177,9,1,0.1,23,0.712
user_01417,1.34,0.27,0.43,4,1,0.1,18,0.673
user_01418,3.27,0.5,0.206,71,1,0.89,18,0.583
user_01419,6.14,0.6,0.183,22,1,0.44,18,0.435
user_01420,6.14,0.92,0.191,38,1,0.77,12,0.442
user_01421,7.35,0.79,0.15,64,1,0.48,15,0.672
user_01422,2.55,0.3,0.221,9,1,0.23,21,0.696
user_01423,1.0,0.12,0.341,3,0,0.14,27,0.71
user_01424,4.07,0.61,0.2,18,1,0.46,21,0.865
user_01425,1.98,0.21,0.31,2,1,0.35,20,0.682
user_01426,1.68,0.31,0.142,13,1,0.1,2,0.595
user_01427,3.18,0.45,0.23,5,0,0.16,19,0.482
user_01428,3.95,0.8,0.117,54,1,0.71,28,0.557
user_01429,1.61,0.51,0.164,62,1,0.71,3,0.41
user_01430,7.98,0.61,0.06,69,1,0.49,22,0.479
user_01431,2.31,0.68,0.132,85,1,0.85,18,0.948
user_01432,0.48,0.2,0.424,4,1,0.06,5,0.578
user_01433,6.54,0.81,0.176,62,1,0.65,13,0.407
user_01434,1.33,0.33,0.382,5,0,0.13,29,0.935
user_01435,6.79,0.89,0.063,32,1,0.5,2,0.901
user_01436,0.86,0.15,0.312,1,1,0.08,33,0.457
user_01437,1.0,0.31,0.543,2,0,0.1,4,0.957
user_01438,4.55,0.29,0.3,3,1,0.16,9,0.953
user_01439,3.72,0.67,0.149,62,1,0.44,24,0.845
user_01440,4.04,0.26,0.288,4,0,0.19,10,0.407
user_01441,2.0,0.34,0.288,4,1,0.14,5,0.858
user_01442,1.25,0.26,0.15,9,1,0.13,10,0.696
user_01443,2.01,0.48,0.248,6,1,0.25,12,0.451
user_01444,2.16,0.17,0.24,4,0,0.23,14,0.605
user_01445,1.59,0.36,0.269,4,0,0.35,20,0.813
user_01446,3.03,0.82,0.216,31,1,0.85,31,0.955
user_01447,3.83,0.73,0.138,33,1,0.57,33,0.563
user_01448,2.76,0.83,0.223,51,1,0.54,12,0.461
user_01449,1.94,0.48,0.314,9,1,0.38,3,0.867
user_01450,3.39,0.59,0.125,92,1,0.7,31,0.478
user_01451,2.96,0.68,0.199,50,1,0.51,8,0.925
user_01452,2.16,0.27,0.332,6,1,0.32,19,0.431
user_01453,2.27,0.26,0.217,7,1,0.24,15,0.979
user_01454,3.48,0.47,0.215,7,1,0.2,29,0.728
user_01455,2.52,0.53,0.231,22,1,0.51,21,0.568
user_01456,1.37,0.3,0.6,2,0,0.09,4,0.642
user_01457,4.42,0.97,0.119,29,1,0.51,7,0.836
user_01458,3.48,0.37,0.228,8,1,0.15,10,0.526
user_01459,0.81,0.13,0.587,7,1,0.07,4,0.77
user_01460,7.24,0.89,0.13,47,1,0.78,30,0.569
user_01461,2.91,0.88,0.234,33,1,0.62,25,0.732
user_01462,3.09,0.74,0.053,50,1,0.48,24,0.529
user_01463,2.71,0.74,0.124,25,1,0.88,14,0.724
user_01464,4.58,0.35,0.222,4,1,0.3,5,0.58
user_01465,4.38,0.25,0.265,6,1,0.27,15,0.534
user_01466,2.77,0.59,0.159,85,1,0.79,28,0.549
user_01467,1.61,0.24,0.277,6,0,0.38,6,0.844
user_01468,7.25,0.7,0.076,57,1,0.49,13,0.648
user_01469,3.37,0.86,0.247,96,1,0.72,15,0.969
user_01470,2.4,0.21,0.205,9,1,0.18,23,0.943
user_01471,2.36,0.37,0.341,7,1,0.34,16,0.587
user_01472,2.08,0.67,0.233,45,1,0.57,32,0.515
user_01473,3.57,0.5,0.225,23,1,0.78,16,0.511
user_01474,1.34,0.22,0.22,7,0,0.12,24,0.471
user_01475,1.75,0.89,0.122,27,1,0.51,11,0.521
user_01476,2.23,0.31,0.275,14,0,0.28,29,0.823
user_01477,5.72,0.62,0.12,15,1,0.64,33,0.899
user_01478,4.3,0.47,0.217,9,1,0.32,26,0.606
user_01479,3.43,0.89,0.249,46,1,0.78,33,0.574
user_01480,2.56,0.55,0.121,46,1,0.54,24,0.524
user_01481,3.66,0.57,0.103,97,1,0.68,18,0.968
user_01482,2.68,0.67,0.186,59,1,0.9,26,0.763
user_01483,7.75,0.94,0.118,65,1,0.65,6,0.859
user_01484,4.35,0.38,0.17,7,1,0.31,4,0.893
user_01485,5.11,0.81,0.155,40,1,0.62,29,0.832
user_01486,2.68,0.36,0.324,2,0,0.37,14,0.521
user_01487,1.71,0.16,0.103,5,1,0.13,13,0.768
user_01488,7.14,0.95,0.128,49,1,0.57,6,0.461
user_01489,3.33,0.6,0.074,50,1,0.48,7,0.788
user_01490,5.49,0.69,0.198,72,1,0.46,15,0.95
user_01491,1.88,0.25,0.225,3,0,0.28,31,0.684
user_01492,0.68,0.34,0.331,3,0,0.07,23,0.563
user_01493,1.31,0.38,0.503,6,1,0.13,16,0.813
user_01494,2.73,0.47,0.166,6,0,0.28,14,0.809
user_01495,3.18,0.29,0.252,2,0,0.39,16,0.824
user_01496,7.99,0.93,0.102,35,1,0.48,5,0.621
user_01497,0.72,0.36,0.316,7,0,0.14,5,0.849
user_01498,4.16,0.26,0.247,9,1,0.34,26,0.891
user_01499,2.67,0.89,0.232,22,1,0.7,32,0.943
user_01500,3.41,0.3,0.185,6,1,0.4,6,0.856
user_01501,3.98,0.21,0.318,6,1,0.3,2,0.717
user_01502,4.01,0.37,0.244,5,0,0.16,16,0.656
user_01503,3.64,0.66,0.103,21,1,0.68,4,0.571
user_01504,3.24,0.82,0.163,77,1,0.41,18,0.936
user_01505,1.66,0.65,0.243,29,1,0.81,2,0.606
user_01506,4.92,0.5,0.305,8,1,0.31,2,0.972
user_01507,1.43,0.28,0.106,7,1,0.26,34,0.413
user_01508,2.55,0.59,0.205,44,1,0.86,31,0.713
user_01509,1.58,0.31,0.123,6,0,0.27,20,0.497
user_01510,1.58,0.87,0.205,38,1,0.74,30,0.67
user_01511,0.7,0.29,0.548,2,0,0.07,13,0.817
user_01512,2.21,0.28,0.181,14,0,0.22,13,0.408
user_01513,0.3,0.34,0.406,2,0,0.12,20,0.703
user_01514,4.3,0.77,0.152,52,1,0.52,3,0.575
user_01515,2.24,0.16,0.233,6,1,0.14,22,0.88
user_01516,3.96,0.44,0.306,8,1,0.32,31,0.942
user_01517,1.66,0.21,0.273,9,1,0.38,4,0.772
user_01518,0.52,0.11,0.367,2,0,0.19,7,0.932
user_01519,0.91,0.13,0.441,4,0,0.15,21,0.672
user_01520,2.35,0.81,0.196,36,1,0.82,16,0.976
user_01521,5.66,0.83,0.188,58,1,0.61,30,0.954
user_01522,2.73,0.19,0.29,12,1,0.27,21,0.842
user_01523,1.68,0.52,0.115,60,1,0.7,27,0.538
user_01524,2.39,0.28,0.164,11,0,0.21,22,0.733
user_01525,2.6,0.66,0.107,20,1,0.79,21,0.718
user_01526,3.86,0.54,0.242,38,1,0.52,15,0.504
user_01527,4.07,0.67,0.104,75,1,0.68,16,0.934
user_01528,2.72,0.54,0.212,79,1,0.66,23,0.874
user_01529,2.46,0.4,0.224,2,1,0.29,23,0.936
user_01530,7.28,0.84,0.186,30,1,0.47,19,0.766
user_01531,3.96,0.53,0.164,42,1,0.67,8,0.868
user_01532,2.78,0.28,0.226,4,1,0.15,27,0.474
user_01533,1.07,0.37,0.36,5,0,0.12,33,0.742
user_01534,2.4,0.35,0.3,8,1,0.26,18,0.949
user_01535,0.76,0.22,0.404,3,1,0.08,16,0.617
user_01536,1.72,0.81,0.225,40,1,0.69,29,0.729
user_01537,4.93,0.41,0.265,9,1,0.32,17,0.865
user_01538,7.8,0.71,0.162,21,1,0.7,15,0.562
user_01539,2.06,0.31,0.294,6,1,0.24,31,0.977
user_01540,0.93,0.15,0.415,2,0,0.2,3,0.473
user_01541,2.0,0.25,0.183,3,1,0.21,5,0.535
user_01542,4.71,0.38,0.192,2,1,0.3,6,0.74
user_01543,2.82,0.27,0.287,3,1,0.26,8,0.896
user_01544,2.29,0.33,0.16,9,1,0.24,13,0.62
user_01545,2.62,0.84,0.151,74,1,0.75,11,0.461
user_01546,2.35,0.39,0.239,2,0,0.27,17,0.642
user_01547,0.6,0.38,0.378,4,0,0.14,14,0.897
user_01548,0.68,0.11,0.543,3,0,0.07,31,0.618
user_01549,2.8,0.27,0.2,12,0,0.29,25,0.51
user_01550,1.4,0.37,0.449,6,1,0.17,3,0.848
user_01551,4.02,0.61,0.134,23,1,0.49,21,0.653
user_01552,1.8,0.32,0.117,11,0,0.17,4,0.522
user_01553,0.45,0.1,0.517,5,0,0.07,20,0.742
user_01554,3.39,0.82,0.091,71,1,0.47,6,0.556
user_01555,1.66,0.29,0.163,8,1,0.18,13,0.615
user_01556,1.42,0.17,0.423,7,0,0.1,30,0.402
user_01557,0.36,0.33,0.492,2,0,0.19,34,0.498
user_01558,3.73,0.64,0.227,45,1,0.85,25,0.546
user_01559,3.81,0.78,0.137,43,1,0.59,16,0.626
user_01560,6.29,0.65,0.108,44,1,0.75,14,0.701
user_01561,1.09,0.12,0.417,7,1,0.12,17,0.582
user_01562,2.31,0.67,0.172,52,1,0.52,17,0.514
user_01563,2.89,0.2,0.248,14,1,0.17,28,0.408
user_01564,2.78,0.36,0.173,8,1,0.16,15,0.841
user_01565,3.09,0.86,0.237,20,1,0.57,19,0.714
user_01566,1.41,0.31,0.536,6,1,0.12,14,0.417
user_01567,1.85,0.21,0.3,10,0,0.2,24,0.462
user_01568,3.62,0.73,0.124,62,1,0.72,18,0.719
user_01569,6.75,0.95,0.149,27,1,0.77,25,0.815
user_01570,4.76,0.37,0.21,2,1,0.4,10,0.641
user_01571,1.62,0.32,0.214,6,1,0.27,14,0.627
user_01572,2.39,0.47,0.288,9,0,0.34,19,0.503
user_01573,1.66,0.22,0.118,13,0,0.26,2,0.965
user_01574,6.23,0.9,0.085,75,1,0.61,21,0.819
user_01575,3.52,0.62,0.15,49,1,0.89,4,0.769
user_01576,3.41,0.65,0.107,69,1,0.41,26,0.501
user_01577,3.78,0.7,0.14,39,1,0.67,25,0.909
user_01578,2.49,0.68,0.198,79,1,0.56,4,0.564
user_01579,1.77,0.87,0.234,68,1,0.75,8,0.654
user_01580,0.84,0.28,0.458,1,1,0.19,24,0.791
user_01581,1.19,0.33,0.209,11,0,0.16,19,0.904
user_01582,2.77,0.4,0.298,4,1,0.37,33,0.408
user_01583,2.94,0.19,0.138,12,0,0.22,29,0.406
user_01584,5.52,0.8,0.075,28,1,0.48,34,0.916
user_01585,0.48,0.14,0.361,3,0,0.13,4,0.636
user_01586,3.13,0.72,0.112,82,1,0.82,7,0.735
user_01587,0.84,0.3,0.55,7,0,0.13,28,0.524
user_01588,3.75,0.23,0.154,2,1,0.36,23,0.782
user_01589,0.94,0.25,0.306,7,0,0.15,25,0.821
user_01590,0.66,0.36,0.481,4,0,0.1,25,0.73
user_01591,6.48,0.99,0.162,34,1,0.49,24,0.742
user_01592,1.18,0.17,0.127,10,1,0.26,16,0.775
user_01593,4.87,0.21,0.304,8,1,0.16,21,0.957
user_01594,1.02,0.34,0.394,4,0,0.17,32,0.509
user_01595,2.68,0.55,0.207,91,1,0.77,27,0.946
user_01596,2.44,0.3,0.333,8,0,0.37,19,0.805
user_01597,3.67,0.89,0.243,77,1,0.81,8,0.464
user_01598,2.57,0.3,0.151,11,1,0.26,13,0.828
user_01599,0.84,0.21,0.595,3,0,0.1,9,0.602
user_01600,1.45,0.3,0.191,11,1,0.26,34,0.835
user_01601,3.95,0.64,0.134,46,1,0.78,27,0.975
user_01602,3.51,0.5,0.349,7,0,0.37,8,0.664
user_01603,4.55,0.93,0.148,42,1,0.66,20,0.976
user_01604,1.19,0.25,0.544,2,1,0.13,21,0.563
user_01605,3.87,0.79,0.102,56,1,0.87,22,0.422
user_01606,3.66,0.29,0.309,4,1,0.29,32,0.65
user_01607,2.63,0.3,0.29,8,1,0.32,17,0.846
user_01608,2.64,0.33,0.205,9,1,0.25,21,0.968
user_01609,1.24,0.27,0.354,3,0,0.06,25,0.875
user_01610,0.57,0.17,0.438,1,0,0.17,14,0.88
user_01611,3.08,0.63,0.089,26,1,0.68,31,0.4
user_01612,4.99,0.95,0.119,62,1,0.51,20,0.631
user_01613,4.2,0.64,0.06,49,1,0.64,6,0.59
user_01614,4.37,0.62,0.077,54,1,0.79,24,0.862
user_01615,1.8,0.3,0.127,12,0,0.19,8,0.57
user_01616,1.57,0.79,0.103,32,1,0.77,6,0.945
user_01617,5.36,0.81,0.178,17,1,0.49,3,0.489
user_01618,2.0,0.59,0.137,22,1,0.8,22,0.893
user_01619,0.48,0.37,0.531,3,1,0.17,20,0.844
user_01620,2.2,0.77,0.217,76,1,0.56,22,0.896
user_01621,4.73,0.77,0.154,64,1,0.59,2,0.849
user_01622,1.35,0.32,0.569,7,0,0.11,31,0.444
user_01623,6.68,1.0,0.165,73,1,0.63,19,0.613
user_01624,2.26,0.44,0.25,4,1,0.38,16,0.437
user_01625,0.61,0.13,0.417,7,1,0.2,30,0.572
user_01626,0.72,0.13,0.389,6,0,0.07,23,0.528
user_01627,2.95,0.76,0.178,64,1,0.82,14,0.789
user_01628,6.89,0.77,0.101,52,1,0.57,6,0.491
user_01629,2.89,0.3,0.304,9,0,0.38,33,0.694
user_01630,1.2,0.39,0.302,7,1,0.19,19,0.64
user_01631,7.73,0.81,0.051,46,1,0.51,22,0.958
user_01632,1.56,0.7,0.216,34,1,0.78,11,0.841
user_01633,1.49,0.33,0.194,6,0,0.18,17,0.77
user_01634,6.72,0.68,0.08,42,1,0.75,7,0.891
user_01635,1.9,0.15,0.259,13,1,0.19,10,0.931
user_01636,3.84,0.57,0.181,99,1,0.82,5,0.495
user_01637,1.95,0.24,0.231,7,1,0.11,12,0.926
user_01638,1.56,0.44,0.209,2,0,0.39,34,0.458
user_01639,6.7,0.91,0.11,30,1,0.44,15,0.454
user_01640,3.52,0.79,0.079,23,1,0.79,17,0.538
user_01641,1.28,0.37,0.378,6,0,0.11,21,0.417
user_01642,1.27,0.15,0.333,5,0,0.07,24,0.565
user_01643,0.5,0.2,0.391,2,0,0.2,28,0.734
user_01644,1.26,0.24,0.222,14,1,0.14,24,0.407
user_01645,3.31,0.9,0.204,57,1,0.71,20,0.904
user_01646,1.23,0.25,0.122,7,1,0.12,11,0.914
user_01647,3.4,0.6,0.203,98,1,0.5,20,0.977
user_01648,1.41,0.39,0.371,1,0,0.13,14,0.821
user_01649,2.52,0.63,0.218,25,1,0.74,21,0.531
user_01650,2.57,0.79,0.224,61,1,0.62,32,0.711
user_01651,2.74,0.77,0.175,31,1,0.72,22,0.945
user_01652,1.0,0.2,0.513,7,0,0.11,25,0.74
user_01653,2.89,0.27,0.195,3,0,0.23,19,0.514
user_01654,2.84,0.76,0.152,63,1,0.69,17,0.436
user_01655,2.64,0.3,0.159,13,1,0.11,9,0.96
user_01656,3.06,0.58,0.161,76,1,0.84,7,0.556
user_01657,4.01,0.49,0.311,6,1,0.21,24,0.823
user_01658,2.58,0.55,0.157,69,1,0.53,12,0.776
user_01659,7.1,0.65,0.151,19,1,0.7,33,0.603
user_01660,2.04,0.87,0.215,73,1,0.6,33,0.692
user_01661,2.47,0.17,0.159,8,0,0.25,14,0.531
user_01662,1.58,0.31,0.132,4,1,0.14,17,0.405
user_01663,1.25,0.21,0.144,12,0,0.17,16,0.404
user_01664,3.5,0.41,0.304,4,1,0.17,30,0.599
user_01665,3.51,0.23,0.328,4,0,0.22,26,0.47
user_01666,2.63,0.34,0.252,4,1,0.37,31,0.54
user_01667,1.13,0.14,0.408,3,0,0.08,29,0.769
user_01668,2.1,0.22,0.226,4,1,0.27,31,0.436
user_01669,1.28,0.28,0.178,7,0,0.24,7,0.821
user_01670,3.82,0.84,0.101,50,1,0.75,12,0.664
user_01671,2.49,0.39,0.194,3,1,0.36,3,0.824
user_01672,3.13,0.47,0.195,5,0,0.28,28,0.664
user_01673,0.5,0.35,0.563,7,0,0.11,25,0.88
user_01674,1.53,0.69,0.21,60,1,0.59,24,0.773
user_01675,1.69,0.71,0.197,96,1,0.71,29,0.608
user_01676,1.51,0.66,0.173,71,1,0.87,5,0.613
user_01677,1.51,0.18,0.139,5,0,0.15,29,0.888
user_01678,4.78,0.26,0.291,8,1,0.37,12,0.779
user_01679,2.05,0.66,0.246,80,1,0.6,23,0.709
user_01680,6.51,0.94,0.126,58,1,0.71,3,0.859
user_01681,3.33,0.24,0.339,9,1,0.34,9,0.83
user_01682,2.26,0.9,0.199,26,1,0.67,19,0.669
user_01683,2.65,0.36,0.235,6,0,0.3,34,0.787
user_01684,1.13,0.24,0.248,9,1,0.28,34,0.937
user_01685,0.72,0.32,0.483,2,0,0.1,20,0.46
user_01686,1.0,0.18,0.215,10,1,0.24,12,0.55
user_01687,3.66,0.69,0.068,70,1,0.59,18,0.777
user_01688,1.65,0.33,0.138,5,0,0.29,25,0.865
user_01689,0.47,0.12,0.477,2,0,0.16,16,0.941
user_01690,3.1,0.42,0.237,9,0,0.39,34,0.692
user_01691,2.75,0.46,0.166,4,1,0.38,19,0.482
user_01692,7.51,0.78,0.061,72,1,0.75,30,0.413
user_01693,1.89,0.56,0.173,93,1,0.68,12,0.913
user_01694,1.48,0.19,0.211,5,1,0.11,17,0.542
user_01695,1.96,0.22,0.188,2,0,0.3,34,0.545
user_01696,7.86,0.98,0.085,65,1,0.45,27,0.901
user_01697,3.5,0.45,0.334,8,1,0.32,31,0.547
user_01698,0.7,0.28,0.368,3,1,0.15,19,0.973
user_01699,7.39,0.86,0.096,49,1,0.69,26,0.829
user_01700,3.82,0.77,0.198,28,1,0.75,22,0.498
user_01701,7.09,0.86,0.145,23,1,0.56,18,0.458
user_01702,1.46,0.39,0.424,2,0,0.11,19,0.432
user_01703,2.14,0.3,0.255,13,0,0.17,29,0.441
user_01704,2.78,0.37,0.238,2,0,0.2,14,0.401
user_01705,7.98,0.89,0.052,65,1,0.79,6,0.729
user_01706,4.37,0.76,0.119,60,1,0.41,2,0.47
user_01707,1.31,0.26,0.116,13,0,0.18,21,0.589
user_01708,3.8,0.87,0.238,29,1,0.84,23,0.973
user_01709,4.19,0.91,0.09,54,1,0.56,11,0.779
user_01710,2.91,0.32,0.248,9,1,0.19,14,0.876
user_01711,0.58,0.3,0.539,3,0,0.15,6,0.598
user_01712,0.5,0.35,0.4,7,1,0.12,11,0.828
user_01713,2.98,0.44,0.311,4,1,0.21,27,0.462
user_01714,3.35,0.76,0.25,29,1,0.67,12,0.791
user_01715,3.54,0.69,0.211,35,1,0.89,11,0.849
user_01716,7.23,0.94,0.137,39,1,0.65,22,0.433
user_01717,1.01,0.35,0.246,4,1,0.28,6,0.847
user_01718,0.95,0.38,0.308,7,0,0.06,13,0.441
user_01719,1.91,0.24,0.289,7,0,0.27,17,0.54
user_01720,5.23,0.91,0.055,76,1,0.79,18,0.566
user_01721,3.98,0.47,0.183,2,1,0.34,5,0.446
user_01722,5.15,0.99,0.082,32,1,0.8,13,0.431
user_01723,4.06,0.43,0.163,7,1,0.26,12,0.916
user_01724,5.49,0.68,0.076,30,1,0.5,19,0.813
user_01725,2.68,0.84,0.239,28,1,0.76,17,0.78
user_01726,4.98,0.41,0.336,3,1,0.21,21,0.771
user_01727,4.99,0.2,0.278,7,1,0.26,16,0.956
user_01728,2.2,0.24,0.235,4,1,0.19,27,0.616
user_01729,4.05,0.86,0.127,47,1,0.48,31,0.616
user_01730,4.49,0.32,0.333,4,1,0.29,24,0.638
user_01731,1.59,0.2,0.215,7,1,0.23,4,0.547
user_01732,6.22,0.81,0.064,59,1,0.7,33,0.549
user_01733,8.0,0.81,0.133,58,1,0.68,4,0.438
user_01734,3.61,0.2,0.169,7,0,0.2,9,0.948
user_01735,4.18,0.34,0.228,6,1,0.33,33,0.412
user_01736,1.07,0.21,0.195,10,1,0.14,31,0.87
user_01737,7.4,0.78,0.19,49,1,0.68,15,0.663
user_01738,1.67,0.39,0.337,4,1,0.39,20,0.884
user_01739,2.11,0.58,0.121,32,1,0.83,34,0.658
user_01740,3.18,0.8,0.118,21,1,0.86,9,0.937
user_01741,2.03,0.32,0.146,7,1,0.23,32,0.633
user_01742,1.87,0.33,0.241,13,1,0.15,28,0.642
user_01743,2.17,0.65,0.212,47,1,0.7,17,0.677
user_01744,1.65,0.49,0.349,6,0,0.34,14,0.819
user_01745,2.69,0.52,0.208,98,1,0.7,6,0.763
user_01746,6.48,0.8,0.167,36,1,0.6,2,0.519
user_01747,4.7,0.34,0.179,3,1,0.39,4,0.555
user_01748,1.44,0.24,0.299,8,1,0.29,15,0.962
user_01749,2.28,0.29,0.17,7,0,0.23,22,0.915
user_01750,4.77,0.65,0.114,61,1,0.56,24,0.902
user_01751,2.83,0.43,0.302,4,0,0.34,5,0.951
user_01752,1.56,0.21,0.145,10,0,0.28,6,0.708
user_01753,5.93,0.94,0.078,21,1,0.49,9,0.811
user_01754,2.27,0.52,0.146,85,1,0.73,27,0.865
user_01755,2.1,0.77,0.229,76,1,0.59,15,0.436
user_01756,3.18,0.59,0.205,80,1,0.54,17,0.878
user_01757,7.18,0.89,0.085,65,1,0.69,17,0.709
user_01758,1.32,0.21,0.141,4,1,0.29,30,0.658
user_01759,1.48,0.4,0.566,4,0,0.13,17,0.821
user_01760,3.74,0.75,0.06,20,1,0.56,32,0.694
user_01761,2.16,0.48,0.219,6,0,0.16,32,0.62
user_01762,1.83,0.57,0.215,54,1,0.83,27,0.761
user_01763,2.52,0.35,0.186,12,1,0.25,30,0.553
user_01764,2.37,0.31,0.184,13,1,0.29,4,0.881
user_01765,2.18,0.42,0.189,5,1,0.23,19,0.44
user_01766,0.52,0.26,0.502,7,1,0.08,12,0.791
user_01767,2.45,0.28,0.136,4,1,0.11,13,0.645
user_01768,1.91,0.29,0.114,7,1,0.24,9,0.514
user_01769,1.02,0.23,0.312,4,0,0.18,13,0.55
user_01770,2.36,0.55,0.19,22,1,0.69,24,0.65
user_01771,1.41,0.35,0.28,3,1,0.23,30,0.94
user_01772,3.23,0.87,0.118,59,1,0.62,16,0.968
user_01773,1.35,0.15,0.2,13,0,0.17,22,0.503
user_01774,5.77,0.69,0.157,27,1,0.42,32,0.668
user_01775,0.72,0.18,0.373,2,1,0.08,31,0.57
user_01776,7.28,0.63,0.136,28,1,0.63,8,0.564
user_01777,4.29,0.49,0.22,5,1,0.31,4,0.72
user_01778,3.04,0.74,0.163,45,1,0.59,19,0.612
user_01779,3.0,0.39,0.297,2,1,0.31,29,0.951
user_01780,1.42,0.33,0.198,7,1,0.2,29,0.524
user_01781,0.93,0.27,0.564,5,0,0.17,7,0.657
user_01782,1.43,0.33,0.278,10,1,0.23,15,0.654
user_01783,3.63,0.38,0.33,5,0,0.25,23,0.958
user_01784,1.22,0.31,0.249,12,0,0.23,3,0.78
user_01785,1.69,0.48,0.346,8,1,0.23,22,0.587
user_01786,6.55,0.84,0.168,48,1,0.63,4,0.526
user_01787,7.01,0.64,0.084,44,1,0.55,31,0.587
user_01788,3.25,0.63,0.166,47,1,0.55,10,0.477
user_01789,1.35,0.18,0.184,12,0,0.13,10,0.434
user_01790,2.32,0.26,0.322,6,1,0.28,34,0.801
user_01791,2.02,0.24,0.154,14,1,0.26,21,0.489
user_01792,1.59,0.32,0.176,13,1,0.11,8,0.907
user_01793,1.54,0.25,0.243,6,1,0.2,33,0.452
user_01794,4.25,0.39,0.266,3,0,0.21,13,0.762
user_01795,3.11,0.89,0.232,96,1,0.89,14,0.664
user_01796,0.7,0.1,0.567,4,0,0.07,2,0.936
user_01797,3.82,0.61,0.136,33,1,0.74,4,0.615
user_01798,1.64,0.26,0.156,14,0,0.23,11,0.544
user_01799,3.91,0.62,0.133,91,1,0.87,6,0.951
user_01800,0.54,0.11,0.535,3,0,0.07,28,0.442
user_01801,0.32,0.26,0.597,2,0,0.13,4,0.647
user_01802,2.14,0.27,0.255,11,1,0.19,12,0.573
user_01803,3.28,0.52,0.119,91,1,0.73,7,0.821
user_01804,1.21,0.2,0.473,2,1,0.1,32,0.979
user_01805,2.1,0.85,0.243,46,1,0.54,21,0.964
user_01806,6.63,0.78,0.175,28,1,0.65,28,0.533
user_01807,2.71,0.32,0.204,5,1,0.19,10,0.503
user_01808,7.19,0.99,0.063,22,1,0.74,7,0.81
user_01809,1.45,0.23,0.5,3,1,0.13,25,0.86
user_01810,2.96,0.3,0.194,12,1,0.29,17,0.806
user_01811,4.56,0.42,0.2,2,1,0.17,23,0.739
user_01812,3.51,0.62,0.147,49,1,0.77,29,0.639
user_01813,1.6,0.26,0.23,7,0,0.35,6,0.512
user_01814,0.68,0.39,0.494,1,0,0.16,21,0.535
user_01815,2.06,0.26,0.252,10,0,0.29,27,0.912
user_01816,2.44,0.26,0.251,6,0,0.39,2,0.727
user_01817,3.0,0.38,0.332,6,1,0.35,34,0.493
user_01818,2.43,0.16,0.196,8,0,0.29,25,0.666
user_01819,5.43,0.93,0.131,78,1,0.63,28,0.661
user_01820,0.8,0.2,0.467,3,0,0.17,19,0.759
user_01821,3.32,0.72,0.172,98,1,0.69,22,0.964
user_01822,1.78,0.56,0.247,64,1,0.73,5,0.833
user_01823,3.85,0.35,0.237,3,1,0.22,24,0.467
user_01824,2.83,0.8,0.186,23,1,0.66,27,0.961
user_01825,2.34,0.29,0.189,7,1,0.22,9,0.421
user_01826,0.37,0.33,0.314,5,0,0.17,19,0.916
user_01827,2.64,0.88,0.127,65,1,0.65,5,0.647
user_01828,3.79,0.67,0.197,62,1,0.75,27,0.743
user_01829,3.61,0.79,0.225,61,1,0.78,4,0.742
user_01830,1.39,0.29,0.154,8,0,0.11,10,0.88
user_01831,3.29,0.73,0.135,55,1,0.63,19,0.534
user_01832,6.93,0.78,0.089,75,1,0.53,19,0.486
user_01833,1.55,0.79,0.232,57,1,0.51,30,0.654
user_01834,5.2,0.66,0.185,24,1,0.43,25,0.875
user_01835,2.17,0.3,0.127,5,1,0.15,15,0.778
user_01836,2.61,0.26,0.259,13,1,0.11,20,0.463
user_01837,1.27,0.32,0.536,7,0,0.12,29,0.902
user_01838,1.2,0.24,0.115,3,0,0.21,2,0.968
user_01839,2.8,0.18,0.266,8,0,0.13,15,0.928
user_01840,1.26,0.23,0.344,6,0,0.12,19,0.611
user_01841,5.06,0.89,0.133,18,1,0.63,17,0.9
user_01842,3.75,0.78,0.241,93,1,0.65,7,0.869
user_01843,4.05,0.71,0.135,50,1,0.69,24,0.898
user_01844,2.6,0.79,0.222,62,1,0.72,16,0.931
user_01845,1.75,0.35,0.289,3,1,0.2,13,0.888
user_01846,2.9,0.57,0.196,47,1,0.81,10,0.962
user_01847,3.92,0.3,0.2,8,1,0.39,9,0.685
user_01848,3.51,0.85,0.188,83,1,0.89,23,0.577
user_01849,4.85,0.39,0.217,8,1,0.39,9,0.606
user_01850,7.76,0.69,0.167,73,1,0.42,29,0.507
user_01851,3.12,0.46,0.243,7,1,0.21,16,0.606
user_01852,0.87,0.32,0.487,5,0,0.09,19,0.702
user_01853,2.94,0.23,0.237,5,1,0.23,12,0.653
user_01854,1.65,0.26,0.235,8,1,0.27,11,0.907
user_01855,4.81,0.47,0.3,9,1,0.39,11,0.529
user_01856,2.83,0.55,0.199,37,1,0.76,24,0.592
user_01857,0.53,0.21,0.587,3,0,0.11,20,0.673
user_01858,2.26,0.52,0.184,58,1,0.66,29,0.919
user_01859,3.47,0.58,0.21,66,1,0.71,17,0.474
user_01860,1.75,0.63,0.156,56,1,0.86,30,0.42
user_01861,2.03,0.25,0.29,6,0,0.21,10,0.543
user_01862,2.17,0.19,0.107,12,1,0.11,17,0.692
user_01863,3.77,0.62,0.122,49,1,0.75,12,0.406
user_01864,2.29,0.62,0.146,36,1,0.62,14,0.87
user_01865,3.59,0.85,0.107,34,1,0.73,15,0.6
user_01866,6.58,0.64,0.144,62,1,0.72,4,0.503
user_01867,3.06,0.85,0.129,28,1,0.61,12,0.456
user_01868,1.0,0.39,0.472,5,1,0.07,7,0.657
user_01869,3.65,0.94,0.176,72,1,0.67,8,0.97
user_01870,0.54,0.23,0.594,7,0,0.1,8,0.656
user_01871,1.03,0.3,0.323,6,0,0.07,32,0.767
user_01872,6.34,0.86,0.172,56,1,0.78,4,0.955
user_01873,5.34,0.83,0.176,70,1,0.65,7,0.859
user_01874,1.8,0.72,0.14,36,1,0.86,9,0.869
user_01875,1.52,0.69,0.144,56,1,0.66,16,0.424
user_01876,1.21,0.17,0.433,7,0,0.06,19,0.694
user_01877,1.31,0.13,0.454,7,0,0.09,18,0.495
user_01878,1.95,0.43,0.288,7,1,0.27,6,0.772
user_01879,4.73,0.42,0.217,9,0,0.33,6,0.516
user_01880,2.74,0.19,0.162,11,0,0.16,14,0.636
user_01881,7.83,0.72,0.087,35,1,0.79,25,0.641
user_01882,0.92,0.15,0.313,4,1,0.12,19,0.502
user_01883,3.43,0.73,0.196,24,1,0.52,31,0.659
user_01884,5.33,0.69,0.175,56,1,0.58,6,0.811
user_01885,3.75,0.54,0.122,25,1,0.85,11,0.831
user_01886,3.45,0.72,0.139,52,1,0.53,33,0.562
user_01887,1.74,0.23,0.277,3,0,0.12,33,0.676
user_01888,2.74,0.23,0.259,9,0,0.34,5,0.65
user_01889,3.98,0.7,0.104,57,1,0.64,9,0.848
user_01890,0.47,0.3,0.53,7,0,0.06,34,0.54
user_01891,5.52,0.71,0.148,51,1,0.55,5,0.402
user_01892,1.4,0.37,0.456,6,0,0.09,16,0.791
user_01893,2.27,0.17,0.204,11,0,0.16,17,0.57
user_01894,1.48,0.17,0.596,6,1,0.13,12,0.574
user_01895,2.47,0.35,0.283,8,1,0.15,12,0.605
user_01896,3.65,0.73,0.166,58,1,0.79,13,0.818
user_01897,0.65,0.13,0.572,3,0,0.13,11,0.806
user_01898,0.32,0.16,0.443,4,1,0.17,26,0.547
user_01899,1.13,0.27,0.29,7,1,0.13,27,0.617
user_01900,2.57,0.28,0.325,8,0,0.29,14,0.532
user_01901,5.79,0.7,0.134,35,1,0.67,26,0.622
user_01902,7.15,0.91,0.151,52,1,0.47,26,0.776
user_01903,2.83,0.89,0.154,29,1,0.52,8,0.505
user_01904,3.04,0.48,0.328,9,1,0.27,5,0.787
user_01905,1.21,0.34,0.432,1,0,0.12,24,0.49
user_01906,2.56,0.28,0.16,4,1,0.25,24,0.443
user_01907,5.51,0.8,0.136,77,1,0.59,7,0.691
user_01908,7.13,0.89,0.109,58,1,0.54,27,0.711
user_01909,7.58,0.68,0.057,25,1,0.78,27,0.505
user_01910,6.02,0.99,0.125,39,1,0.63,13,0.542
user_01911,0.61,0.12,0.403,2,0,0.06,19,0.915
user_01912,2.76,0.31,0.115,14,0,0.24,2,0.569
user_01913,1.89,0.33,0.121,12,1,0.24,29,0.467
user_01914,2.59,0.26,0.143,9,1,0.15,10,0.751
user_01915,2.62,0.42,0.2,5,0,0.25,9,0.945
user_01916,3.37,0.38,0.244,8,0,0.39,20,0.945
user_01917,3.6,0.58,0.208,70,1,0.67,15,0.699
user_01918,3.63,0.84,0.102,86,1,0.65,14,0.614
user_01919,2.5,0.34,0.144,8,1,0.25,26,0.405
user_01920,7.35,0.67,0.138,61,1,0.62,9,0.559
user_01921,0.55,0.24,0.362,4,1,0.07,31,0.896
user_01922,3.61,0.21,0.277,2,1,0.38,8,0.931
user_01923,2.26,0.24,0.169,7,1,0.18,31,0.403
user_01924,1.35,0.22,0.275,7,1,0.29,32,0.703
user_01925,4.21,0.22,0.322,3,0,0.27,24,0.791
user_01926,6.0,0.86,0.087,55,1,0.78,6,0.917
user_01927,1.24,0.27,0.22,8,0,0.21,3,0.412
user_01928,3.17,0.71,0.241,94,1,0.88,29,0.939
user_01929,4.04,0.22,0.24,8,1,0.32,18,0.466
user_01930,3.56,0.79,0.134,37,1,0.51,26,0.837
user_01931,1.1,0.23,0.225,13,0,0.13,28,0.62
user_01932,4.45,0.34,0.307,5,1,0.34,9,0.792
user_01933,1.25,0.25,0.125,3,0,0.14,10,0.568
user_01934,1.58,0.3,0.311,4,1,0.34,6,0.564
user_01935,2.82,0.5,0.171,23,1,0.77,6,0.621
user_01936,0.36,0.21,0.446,7,0,0.15,10,0.586
user_01937,0.68,0.33,0.492,7,1,0.14,17,0.63
user_01938,1.23,0.33,0.449,7,0,0.12,2,0.867
user_01939,1.06,0.29,0.34,5,1,0.17,14,0.455
user_01940,4.07,0.22,0.23,6,0,0.34,6,0.91
user_01941,3.22,0.6,0.239,71,1,0.88,25,0.706
user_01942,2.05,0.31,0.18,4,0,0.29,25,0.801
user_01943,7.82,0.93,0.082,62,1,0.79,21,0.53
user_01944,2.77,0.72,0.149,89,1,0.78,23,0.403
user_01945,6.5,0.91,0.092,18,1,0.49,13,0.852
user_01946,2.49,0.88,0.202,91,1,0.58,33,0.839
user_01947,3.47,0.45,0.154,6,1,0.19,30,0.506
user_01948,1.92,0.29,0.264,12,1,0.28,24,0.859
user_01949,1.52,0.17,0.203,13,0,0.13,19,0.675
user_01950,1.73,0.56,0.207,82,1,0.52,30,0.449
user_01951,4.79,0.35,0.239,2,1,0.26,12,0.551
user_01952,2.62,0.23,0.268,7,0,0.24,4,0.6
user_01953,6.39,0.96,0.151,26,1,0.62,28,0.502
user_01954,2.52,0.2,0.243,11,1,0.18,25,0.62
user_01955,2.51,0.31,0.26,14,1,0.22,32,0.591
user_01956,3.57,0.22,0.347,5,1,0.32,16,0.508
user_01957,2.48,0.85,0.124,69,1,0.67,21,0.726
user_01958,4.49,0.26,0.216,3,1,0.17,30,0.621
user_01959,2.7,0.39,0.342,5,1,0.31,18,0.499
user_01960,1.15,0.21,0.366,6,0,0.1,8,0.419
user_01961,1.28,0.22,0.481,4,1,0.09,19,0.729
user_01962,2.13,0.9,0.2,80,1,0.5,7,0.786
user_01963,3.2,0.62,0.102,56,1,0.74,25,0.415
user_01964,3.57,0.41,0.321,4,0,0.21,33,0.92
user_01965,0.87,0.2,0.412,6,1,0.09,17,0.811
user_01966,2.99,0.3,0.236,14,0,0.13,30,0.421
user_01967,1.38,0.15,0.536,5,1,0.12,19,0.645
user_01968,3.55,0.84,0.12,15,1,0.63,16,0.753
user_01969,2.72,0.21,0.185,6,0,0.27,5,0.401
user_01970,1.72,0.54,0.204,69,1,0.75,31,0.7
user_01971,4.44,0.24,0.238,2,0,0.37,31,0.643
user_01972,3.61,0.83,0.082,66,1,0.67,18,0.495
user_01973,3.9,0.61,0.187,60,1,0.53,33,0.622
user_01974,7.05,0.77,0.101,32,1,0.68,2,0.956
user_01975,1.97,0.2,0.177,7,0,0.14,9,0.795
user_01976,7.47,0.65,0.144,19,1,0.44,5,0.507
user_01977,3.2,0.75,0.175,23,1,0.78,19,0.403
user_01978,1.31,0.19,0.152,12,0,0.28,30,0.546
user_01979,1.38,0.37,0.333,1,0,0.11,23,0.829
user_01980,2.36,0.44,0.31,8,1,0.23,8,0.906
user_01981,3.06,0.31,0.297,8,1,0.24,3,0.589
user_01982,1.48,0.34,0.582,2,1,0.07,14,0.839
user_01983,3.75,0.47,0.173,8,1,0.2,23,0.929
user_01984,3.29,0.52,0.2,79,1,0.68,24,0.488
user_01985,2.2,0.52,0.119,81,1,0.74,16,0.45
user_01986,2.84,0.27,0.256,14,1,0.25,22,0.678
user_01987,2.24,0.69,0.116,95,1,0.58,6,0.717
user_01988,2.84,0.26,0.179,8,1,0.32,15,0.808
user_01989,1.19,0.27,0.166,12,1,0.3,8,0.924
user_01990,5.56,0.72,0.184,74,1,0.58,8,0.49
user_01991,1.59,0.33,0.26,5,1,0.26,20,0.712
user_01992,4.56,0.5,0.254,5,1,0.29,7,0.46
user_01993,0.66,0.39,0.511,5,0,0.13,3,0.711
user_01994,1.57,0.31,0.136,10,0,0.16,4,0.808
user_01995,3.98,0.56,0.17,66,1,0.56,4,0.78
user_01996,3.4,0.65,0.123,80,1,0.7,24,0.56
user_01997,3.25,0.5,0.254,7,1,0.33,22,0.865
user_01998,2.93,0.52,0.122,95,1,0.56,28,0.595
user_01999,1.4,0.34,0.429,3,1,0.08,25,0.859
user_02000,1.68,0.26,0.192,9,0,0.18,6,0.558
