product_id,category,avg_rating,num_reviews,price,relevance_score,seller_rating,delivery_days,is_prime,return_rate
ASIN_00001,Beauty,4.07,23477,107.03,0.314,4.64,1,1,0.28
ASIN_00002,Home & Kitchen,5.0,49235,47.93,0.145,4.04,14,1,0.063
ASIN_00003,Sports,4.56,8085,29.75,0.752,3.91,1,1,0.137
ASIN_00004,Beauty,3.34,7104,51.82,0.2,4.37,2,0,0.124
ASIN_00005,Clothing,3.08,25436,6.88,0.647,4.67,1,1,0.128
ASIN_00006,Grocery,4.19,31191,10.73,0.353,4.09,3,0,0.046
ASIN_00007,Sports,2.74,47689,10.03,0.256,4.73,1,1,0.246
ASIN_00008,Sports,5.0,30116,38.2,0.442,4.93,14,1,0.02
ASIN_00009,Beauty,4.74,39856,187.26,0.821,3.74,3,0,0.163
ASIN_00010,Books,3.42,22619,308.37,0.453,3.78,5,1,0.202
ASIN_00011,Clothing,2.43,26729,62.68,0.776,4.13,2,1,0.07
ASIN_00012,Beauty,4.88,41996,54.64,0.213,4.35,14,1,0.273
ASIN_00013,Clothing,3.71,4945,5.47,0.795,3.94,1,0,0.253
ASIN_00014,Clothing,4.79,28763,19.25,0.313,4.88,2,1,0.147
ASIN_00015,Grocery,2.52,36229,15.06,0.71,4.41,3,1,0.129
ASIN_00016,Sports,3.32,7793,17.8,0.609,4.22,5,1,0.079
ASIN_00017,Home & Kitchen,3.8,28087,27.99,0.936,3.48,2,0,0.222
ASIN_00018,Grocery,3.84,24039,20.65,0.449,3.54,1,0,0.048
ASIN_00019,Grocery,3.44,35484,4.58,0.16,4.34,7,1,0.207
ASIN_00020,Clothing,4.3,11285,69.96,0.117,3.13,2,1,0.254
ASIN_00021,Toys,2.95,18057,11.33,0.844,4.71,1,0,0.076
ASIN_00022,Sports,3.69,16536,42.07,0.572,4.12,5,1,0.261
ASIN_00023,Books,3.9,22809,263.51,0.798,5.0,1,1,0.02
ASIN_00024,Grocery,4.21,28908,13.21,0.311,5.0,7,1,0.275
ASIN_00025,Home & Kitchen,4.37,44862,2.64,0.411,4.11,3,0,0.044
ASIN_00026,Toys,2.9,10147,24.88,0.127,4.15,5,1,0.197
ASIN_00027,Toys,2.57,49522,99.58,0.965,4.7,2,1,0.083
ASIN_00028,Books,4.82,48360,234.71,0.701,5.0,14,0,0.253
ASIN_00029,Grocery,4.07,9871,9.68,0.94,3.38,2,0,0.159
ASIN_00030,Home & Kitchen,3.2,4536,54.42,0.339,3.31,2,1,0.049
ASIN_00031,Sports,5.0,45459,20.79,0.65,3.89,1,1,0.176
ASIN_00032,Electronics,3.89,38103,29.79,0.711,4.49,1,0,0.128
ASIN_00033,Home & Kitchen,4.74,38283,466.07,0.386,4.45,1,0,0.202
ASIN_00034,Books,3.85,28143,7.37,0.863,4.73,7,0,0.266
ASIN_00035,Toys,5.0,27070,42.68,0.952,3.6,1,1,0.129
ASIN_00036,Sports,5.0,29961,52.86,0.896,3.04,5,1,0.094
ASIN_00037,Home & Kitchen,3.6,41737,98.08,0.765,4.63,2,0,0.014
ASIN_00038,Electronics,4.58,39266,36.52,0.35,3.79,1,0,0.177
ASIN_00039,Electronics,4.32,10764,45.06,0.353,3.19,5,1,0.127
ASIN_00040,Clothing,4.89,5444,22.38,0.967,4.27,14,1,0.119
ASIN_00041,Clothing,3.03,47246,43.34,0.109,4.6,1,0,0.063
ASIN_00042,Beauty,4.35,42538,23.5,0.744,4.14,7,1,0.135
ASIN_00043,Books,4.65,28275,61.66,0.736,3.97,14,1,0.295
ASIN_00044,Grocery,2.39,13284,22.88,0.66,4.12,1,1,0.096
ASIN_00045,Home & Kitchen,2.85,39284,48.28,0.991,4.01,1,1,0.184
ASIN_00046,Home & Kitchen,2.17,44256,32.16,0.381,3.53,5,1,0.235
ASIN_00047,Grocery,3.58,23893,102.11,0.406,3.84,2,0,0.227
ASIN_00048,Beauty,4.37,17635,31.46,0.171,4.46,2,1,0.105
ASIN_00049,Toys,5.0,35149,5.62,0.499,4.36,2,1,0.187
ASIN_00050,Toys,3.86,31187,116.97,0.335,4.28,2,1,0.263
ASIN_00051,Beauty,5.0,25543,13.39,0.409,3.7,2,1,0.014
ASIN_00052,Toys,2.7,11829,17.22,0.851,4.11,2,1,0.136
ASIN_00053,Clothing,2.44,32130,18.25,0.942,3.11,3,1,0.075
ASIN_00054,Home & Kitchen,3.76,6984,130.9,0.267,4.29,2,0,0.123
ASIN_00055,Beauty,4.11,26194,3.91,0.435,4.91,1,1,0.131
ASIN_00056,Home & Kitchen,3.77,42605,763.37,0.936,3.46,14,1,0.227
ASIN_00057,Grocery,2.15,12509,95.21,0.156,3.91,1,1,0.037
ASIN_00058,Electronics,3.73,20674,41.4,0.183,4.36,14,1,0.159
ASIN_00059,Clothing,2.76,6915,31.35,0.247,4.83,3,0,0.174
ASIN_00060,Sports,4.34,46862,44.06,0.636,3.98,14,1,0.153
ASIN_00061,Clothing,4.09,34969,55.76,0.235,3.85,14,0,0.222
ASIN_00062,Beauty,3.05,20136,63.13,0.971,3.22,1,1,0.121
ASIN_00063,Sports,3.39,25232,57.72,0.502,4.25,1,0,0.284
ASIN_00064,Electronics,2.95,5983,36.22,0.551,5.0,1,1,0.15
ASIN_00065,Beauty,3.75,21996,27.18,0.322,4.34,1,0,0.176
ASIN_00066,Books,4.56,17158,28.47,0.524,4.19,2,1,0.249
ASIN_00067,Home & Kitchen,3.01,33553,27.25,0.696,4.36,1,1,0.09
ASIN_00068,Electronics,4.2,42681,102.9,0.776,4.19,14,0,0.032
ASIN_00069,Home & Kitchen,3.38,39076,59.95,0.778,3.79,14,0,0.215
ASIN_00070,Toys,3.17,47459,1.75,0.62,4.61,1,1,0.15
ASIN_00071,Books,3.71,3988,63.81,0.914,4.31,1,1,0.27
ASIN_00072,Books,2.97,9508,40.23,0.836,4.21,2,1,0.295
ASIN_00073,Electronics,3.36,29926,32.5,0.781,3.71,1,0,0.126
ASIN_00074,Books,2.84,16910,22.45,0.15,4.85,3,1,0.13
ASIN_00075,Sports,5.0,45843,101.91,0.106,4.53,5,1,0.128
ASIN_00076,Books,3.83,23958,85.42,0.291,3.92,14,0,0.104
ASIN_00077,Home & Kitchen,3.24,26811,15.29,0.697,4.7,3,0,0.237
ASIN_00078,Home & Kitchen,3.97,45005,49.75,0.47,3.95,1,0,0.23
ASIN_00079,Beauty,3.71,22173,12.53,0.462,3.81,2,0,0.149
ASIN_00080,Home & Kitchen,3.62,4588,8.33,0.896,3.82,2,0,0.023
ASIN_00081,Beauty,4.29,38719,17.7,0.906,3.31,2,1,0.1
ASIN_00082,Home & Kitchen,4.41,49150,78.44,0.918,4.44,7,1,0.095
ASIN_00083,Sports,3.38,39901,85.89,0.382,3.28,7,0,0.245
ASIN_00084,Grocery,3.34,11894,55.32,0.722,3.59,3,1,0.035
ASIN_00085,Beauty,3.58,27418,68.38,0.344,3.16,1,0,0.244
ASIN_00086,Clothing,1.96,12280,55.49,0.272,4.16,7,1,0.204
ASIN_00087,Toys,2.59,2466,17.44,0.266,4.12,7,1,0.222
ASIN_00088,Electronics,4.89,14296,51.0,0.408,4.04,1,0,0.135
ASIN_00089,Home & Kitchen,5.0,46809,73.73,0.487,3.68,2,0,0.207
ASIN_00090,Books,3.6,11440,70.41,0.848,3.61,1,1,0.187
ASIN_00091,Grocery,4.26,27940,108.73,0.208,4.43,2,0,0.233
ASIN_00092,Home & Kitchen,4.05,33458,67.24,0.761,3.92,5,0,0.14
ASIN_00093,Books,5.0,18549,47.06,0.578,4.36,14,1,0.147
ASIN_00094,Toys,4.7,12263,96.56,0.359,3.76,7,1,0.197
ASIN_00095,Toys,3.7,30846,32.25,0.544,4.29,14,0,0.041
ASIN_00096,Toys,3.04,48763,13.71,0.37,4.85,7,0,0.137
ASIN_00097,Books,2.51,49195,28.13,0.636,4.49,1,1,0.292
ASIN_00098,Home & Kitchen,3.96,10741,15.72,0.49,3.99,5,0,0.021
ASIN_00099,Toys,3.19,37648,16.86,0.248,4.33,1,0,0.102
ASIN_00100,Sports,2.66,43955,28.66,0.205,4.08,1,1,0.101
ASIN_00101,Beauty,3.28,34969,14.99,0.592,4.2,2,0,0.194
ASIN_00102,Books,2.93,28049,24.34,0.912,4.04,1,1,0.041
ASIN_00103,Books,5.0,39938,4.98,0.41,4.12,2,1,0.192
ASIN_00104,Home & Kitchen,4.51,16002,40.99,0.76,4.31,3,0,0.038
ASIN_00105,Books,3.79,14220,33.16,0.693,3.7,14,0,0.038
ASIN_00106,Books,4.98,33074,14.63,0.938,3.69,7,0,0.221
ASIN_00107,Toys,3.86,23916,64.02,0.839,3.51,1,1,0.104
ASIN_00108,Home & Kitchen,3.11,17035,84.57,0.61,3.4,1,1,0.293
ASIN_00109,Toys,5.0,29339,6.64,0.691,3.59,1,1,0.021
ASIN_00110,Beauty,4.23,14576,15.44,0.909,4.28,5,1,0.139
ASIN_00111,Grocery,2.97,42724,15.35,0.46,3.75,2,1,0.043
ASIN_00112,Beauty,3.65,28932,12.94,0.394,4.46,2,1,0.112
ASIN_00113,Grocery,3.1,20719,75.9,0.11,4.22,5,1,0.299
ASIN_00114,Toys,2.69,43546,27.28,0.844,3.22,1,0,0.268
ASIN_00115,Beauty,4.54,23392,25.42,0.821,4.53,1,1,0.024
ASIN_00116,Home & Kitchen,5.0,28449,4.46,0.194,4.61,5,1,0.173
ASIN_00117,Electronics,2.68,48913,62.52,0.619,3.7,2,1,0.198
ASIN_00118,Toys,4.25,19926,9.59,0.518,4.41,1,1,0.071
ASIN_00119,Grocery,3.28,13062,35.16,0.207,3.77,1,1,0.052
ASIN_00120,Sports,3.41,45273,43.7,0.983,4.25,14,1,0.272
ASIN_00121,Grocery,3.33,24863,129.11,0.293,3.57,2,0,0.291
ASIN_00122,Sports,3.11,48694,8.95,0.161,3.3,1,1,0.298
ASIN_00123,Books,3.84,44643,1.62,0.635,4.01,5,0,0.239
ASIN_00124,Beauty,3.14,26067,39.8,0.765,4.14,14,0,0.202
ASIN_00125,Sports,4.02,36855,200.44,0.129,4.0,1,0,0.11
ASIN_00126,Grocery,3.76,46491,114.31,0.693,3.61,2,1,0.06
ASIN_00127,Books,3.61,20572,40.84,0.579,4.0,1,0,0.033
ASIN_00128,Electronics,3.07,29744,20.25,0.193,4.33,2,1,0.211
ASIN_00129,Home & Kitchen,3.34,43290,74.23,0.255,4.18,5,1,0.238
ASIN_00130,Home & Kitchen,4.4,3759,12.51,0.611,4.29,7,0,0.25
ASIN_00131,Home & Kitchen,4.2,27049,53.32,0.367,3.86,1,0,0.275
ASIN_00132,Sports,3.02,1729,54.9,0.944,4.79,5,1,0.265
ASIN_00133,Electronics,3.88,1381,95.6,0.837,3.61,1,1,0.3
ASIN_00134,Sports,4.4,8711,523.04,0.985,4.44,5,1,0.081
ASIN_00135,Beauty,2.46,8899,49.03,0.334,4.79,7,1,0.231
ASIN_00136,Sports,4.23,18042,19.91,0.973,4.44,1,1,0.18
ASIN_00137,Electronics,3.27,18455,32.28,0.488,4.1,14,0,0.086
ASIN_00138,Electronics,4.26,16411,5.65,0.413,3.94,1,0,0.295
ASIN_00139,Beauty,3.19,29730,16.53,0.145,4.72,3,0,0.27
ASIN_00140,Electronics,2.36,5931,21.99,0.147,3.49,1,1,0.047
ASIN_00141,Grocery,2.5,39024,19.61,0.723,3.71,1,0,0.018
ASIN_00142,Electronics,3.84,9501,38.57,0.512,4.0,3,0,0.21
ASIN_00143,Home & Kitchen,4.01,36073,14.55,0.304,4.82,1,0,0.185
ASIN_00144,Grocery,3.08,29811,101.6,0.653,4.39,7,1,0.281
ASIN_00145,Grocery,4.31,22668,33.12,0.328,3.72,2,1,0.078
ASIN_00146,Beauty,2.47,41326,32.81,0.62,4.04,1,1,0.034
ASIN_00147,Clothing,3.75,36500,23.86,0.423,3.89,2,1,0.085
ASIN_00148,Clothing,2.83,22661,38.67,0.841,3.85,14,0,0.015
ASIN_00149,Electronics,3.28,25865,75.57,0.839,4.69,2,0,0.02
ASIN_00150,Grocery,3.84,49671,13.91,0.53,3.51,7,1,0.275
ASIN_00151,Clothing,3.11,16837,17.15,0.416,5.0,2,1,0.112
ASIN_00152,Clothing,3.49,38792,24.44,0.426,4.61,1,1,0.129
ASIN_00153,Electronics,4.61,48236,8.62,0.825,4.75,5,1,0.015
ASIN_00154,Clothing,3.34,21732,14.6,0.395,3.97,1,1,0.088
ASIN_00155,Sports,4.47,42820,20.57,0.288,4.13,7,0,0.243
ASIN_00156,Books,2.9,29550,79.39,0.176,3.48,1,1,0.188
ASIN_00157,Beauty,4.22,44527,43.06,0.52,3.94,1,0,0.229
ASIN_00158,Books,4.95,2525,40.19,0.534,4.45,2,1,0.14
ASIN_00159,Electronics,1.82,3086,77.55,0.857,4.85,1,1,0.1
ASIN_00160,Home & Kitchen,3.16,34201,28.86,0.299,3.65,2,1,0.15
ASIN_00161,Beauty,4.26,36740,48.93,0.443,4.02,1,0,0.104
ASIN_00162,Electronics,3.64,39218,29.87,0.828,4.12,14,1,0.253
ASIN_00163,Grocery,4.1,14571,43.18,0.841,3.5,3,0,0.096
ASIN_00164,Home & Kitchen,3.32,14047,18.49,0.446,4.5,7,1,0.201
ASIN_00165,Books,3.87,25503,2.89,0.513,3.84,2,0,0.05
ASIN_00166,Electronics,3.68,11334,28.95,0.373,4.1,14,0,0.209
ASIN_00167,Grocery,4.73,31661,137.38,0.939,3.97,1,1,0.275
ASIN_00168,Beauty,4.0,2164,83.61,0.207,3.81,14,0,0.186
ASIN_00169,Beauty,4.07,37905,86.96,0.94,4.2,2,1,0.172
ASIN_00170,Toys,3.47,19368,113.99,0.715,4.09,3,0,0.289
ASIN_00171,Grocery,3.41,47706,36.19,0.578,4.01,1,1,0.192
ASIN_00172,Sports,3.45,43246,40.34,0.129,3.84,2,1,0.085
ASIN_00173,Clothing,4.12,19038,17.86,0.528,4.36,3,0,0.095
ASIN_00174,Home & Kitchen,3.46,10810,24.14,0.467,5.0,5,0,0.215
ASIN_00175,Grocery,4.03,35856,61.3,0.245,4.27,1,1,0.223
ASIN_00176,Toys,5.0,26837,110.38,0.691,4.7,5,0,0.098
ASIN_00177,Clothing,4.5,13949,28.81,0.974,3.5,1,1,0.11
ASIN_00178,Clothing,3.54,19878,21.11,0.606,4.28,2,1,0.297
ASIN_00179,Electronics,4.76,40377,33.13,0.743,3.65,3,0,0.04
ASIN_00180,Clothing,3.47,23933,60.41,0.162,3.46,1,1,0.127
ASIN_00181,Sports,2.17,15384,7.82,0.476,3.83,14,1,0.028
ASIN_00182,Beauty,2.99,36756,3.33,0.205,4.8,3,0,0.248
ASIN_00183,Toys,2.3,34551,19.1,0.652,4.68,5,1,0.037
ASIN_00184,Clothing,3.52,24291,9.77,0.945,4.32,7,0,0.205
ASIN_00185,Electronics,3.81,5115,19.92,0.696,3.43,1,1,0.026
ASIN_00186,Sports,5.0,12092,28.57,0.169,4.1,7,1,0.205
ASIN_00187,Books,4.06,23767,21.05,0.419,4.35,2,1,0.254
ASIN_00188,Beauty,3.62,17086,141.52,0.596,4.29,7,0,0.126
ASIN_00189,Beauty,4.46,34952,45.91,0.463,3.28,3,0,0.161
ASIN_00190,Toys,2.03,9601,44.72,0.85,3.75,14,1,0.126
ASIN_00191,Beauty,3.99,38024,61.7,0.833,4.17,2,1,0.097
ASIN_00192,Clothing,4.42,42008,10.6,0.651,4.47,1,0,0.243
ASIN_00193,Electronics,2.62,18318,93.61,0.436,3.1,1,1,0.089
ASIN_00194,Beauty,4.72,47644,30.7,0.33,4.12,2,0,0.22
ASIN_00195,Beauty,4.07,1018,64.75,0.195,4.27,14,1,0.07
ASIN_00196,Books,3.47,49383,11.34,0.419,4.62,1,0,0.082
ASIN_00197,Books,4.31,23710,7.0,0.472,4.55,7,1,0.108
ASIN_00198,Home & Kitchen,5.0,1833,75.03,0.708,4.49,2,0,0.181
ASIN_00199,Sports,3.95,7914,48.25,0.692,3.8,3,0,0.142
ASIN_00200,Clothing,4.0,38361,13.44,0.163,3.25,3,1,0.226
ASIN_00201,Beauty,3.43,13114,13.88,0.456,4.0,1,1,0.072
ASIN_00202,Grocery,3.12,2028,102.05,0.264,4.7,2,0,0.013
ASIN_00203,Beauty,4.46,14542,10.08,0.241,4.9,1,0,0.235
ASIN_00204,Electronics,3.12,26666,171.17,0.845,4.56,1,1,0.248
ASIN_00205,Home & Kitchen,3.86,38664,13.46,0.138,4.41,5,1,0.027
ASIN_00206,Sports,3.42,33853,62.7,0.477,4.39,2,0,0.187
ASIN_00207,Grocery,4.18,37809,23.84,0.251,3.92,5,1,0.12
ASIN_00208,Home & Kitchen,4.07,15384,60.53,0.891,4.13,1,0,0.24
ASIN_00209,Toys,4.63,27771,19.22,0.601,5.0,2,1,0.264
ASIN_00210,Sports,3.39,43595,28.14,0.308,3.73,2,0,0.257
ASIN_00211,Beauty,3.58,2568,34.5,0.552,5.0,1,0,0.235
ASIN_00212,Beauty,3.02,36065,12.16,0.758,4.04,1,0,0.088
ASIN_00213,Sports,3.44,29202,69.47,0.962,4.86,2,1,0.245
ASIN_00214,Beauty,4.1,3591,19.82,0.298,3.5,2,0,0.165
ASIN_00215,Clothing,4.41,16092,26.35,0.898,4.49,2,1,0.025
ASIN_00216,Sports,3.06,48873,12.25,0.941,3.83,3,1,0.143
ASIN_00217,Home & Kitchen,4.5,23230,2.55,0.925,3.49,1,1,0.283
ASIN_00218,Sports,4.88,29755,27.36,0.672,4.31,3,1,0.267
ASIN_00219,Grocery,4.13,6648,369.67,0.667,4.7,5,0,0.04
ASIN_00220,Beauty,5.0,27528,72.57,0.463,3.78,1,1,0.226
ASIN_00221,Clothing,3.18,36732,32.48,0.777,3.45,7,0,0.244
ASIN_00222,Clothing,2.8,11010,25.46,0.578,4.15,1,0,0.089
ASIN_00223,Toys,2.38,43548,33.87,0.71,4.16,7,0,0.147
ASIN_00224,Home & Kitchen,5.0,166,57.23,0.486,4.47,2,1,0.216
ASIN_00225,Books,4.32,16034,10.17,0.758,4.67,1,1,0.137
ASIN_00226,Books,3.76,49750,100.92,0.842,4.17,5,0,0.043
ASIN_00227,Sports,4.02,14231,67.72,0.232,5.0,1,1,0.215
ASIN_00228,Toys,2.9,28736,67.91,0.85,4.31,3,1,0.274
ASIN_00229,Electronics,5.0,43927,51.34,0.586,4.03,1,1,0.199
ASIN_00230,Sports,3.9,44853,33.77,0.86,3.39,14,1,0.234
ASIN_00231,Toys,3.89,3395,64.9,0.488,4.07,1,0,0.114
ASIN_00232,Home & Kitchen,4.38,6002,59.85,0.441,4.03,1,1,0.063
ASIN_00233,Home & Kitchen,4.18,12698,23.24,0.924,4.68,2,1,0.196
ASIN_00234,Home & Kitchen,3.98,49820,18.66,0.326,4.43,5,1,0.105
ASIN_00235,Home & Kitchen,3.17,42097,36.67,0.86,3.61,7,1,0.259
ASIN_00236,Home & Kitchen,4.18,546,155.87,0.536,4.29,5,1,0.046
ASIN_00237,Toys,5.0,21822,9.59,0.563,4.54,14,1,0.136
ASIN_00238,Toys,4.88,37866,7.63,0.378,4.96,2,1,0.125
ASIN_00239,Clothing,5.0,13433,39.05,0.616,4.64,1,0,0.282
ASIN_00240,Grocery,3.39,43939,34.84,0.393,4.58,3,1,0.054
ASIN_00241,Books,3.01,48836,39.38,0.135,4.23,2,1,0.013
ASIN_00242,Beauty,3.7,10263,42.26,0.345,4.39,2,1,0.079
ASIN_00243,Home & Kitchen,3.84,16049,26.49,0.106,4.82,1,1,0.248
ASIN_00244,Electronics,4.68,29416,146.92,0.981,3.53,5,0,0.071
ASIN_00245,Beauty,2.45,5474,6.68,0.969,4.03,2,1,0.08
ASIN_00246,Toys,5.0,28859,14.46,0.456,3.81,2,1,0.048
ASIN_00247,Electronics,3.67,6261,29.87,0.756,4.39,7,1,0.217
ASIN_00248,Electronics,3.46,10725,6.4,0.411,4.82,14,0,0.03
ASIN_00249,Electronics,2.99,33942,27.78,0.704,3.9,14,1,0.106
ASIN_00250,Clothing,2.48,33603,174.42,0.825,3.0,1,0,0.092
ASIN_00251,Toys,4.46,1656,33.81,0.952,3.99,1,1,0.171
ASIN_00252,Electronics,3.86,19199,41.71,0.46,4.66,2,0,0.222
ASIN_00253,Home & Kitchen,2.77,25056,9.39,0.805,4.47,2,0,0.165
ASIN_00254,Sports,2.76,27391,17.88,0.339,4.41,1,1,0.28
ASIN_00255,Electronics,3.53,9523,22.76,0.991,4.06,1,1,0.286
ASIN_00256,Clothing,5.0,46031,24.1,0.123,3.56,7,1,0.115
ASIN_00257,Beauty,3.59,16189,119.3,0.643,4.46,1,1,0.236
ASIN_00258,Toys,2.6,33792,57.84,0.694,3.78,1,1,0.224
ASIN_00259,Grocery,3.6,21626,10.9,0.719,5.0,1,1,0.269
ASIN_00260,Clothing,3.58,10033,42.37,0.208,4.49,1,1,0.14
ASIN_00261,Electronics,1.64,12453,54.5,0.945,3.91,3,1,0.164
ASIN_00262,Toys,3.76,45258,103.56,0.263,3.89,3,1,0.131
ASIN_00263,Sports,3.62,34056,160.86,0.66,4.15,1,1,0.257
ASIN_00264,Electronics,4.36,49816,12.0,0.3,4.08,2,1,0.077
ASIN_00265,Clothing,5.0,30452,14.72,0.376,4.76,1,0,0.08
ASIN_00266,Books,4.7,18399,9.42,0.592,4.29,1,1,0.118
ASIN_00267,Home & Kitchen,3.58,34506,26.21,0.475,3.83,5,0,0.077
ASIN_00268,Grocery,2.91,30259,52.79,0.244,5.0,1,1,0.173
ASIN_00269,Beauty,5.0,18514,88.88,0.254,4.22,5,1,0.049
ASIN_00270,Clothing,3.85,49003,30.69,0.476,4.58,1,1,0.103
ASIN_00271,Toys,3.81,14477,24.05,0.782,3.9,3,1,0.275
ASIN_00272,Grocery,3.78,45662,38.54,0.908,4.38,1,0,0.129
ASIN_00273,Grocery,3.96,3476,14.37,0.176,4.36,7,0,0.227
ASIN_00274,Grocery,3.68,41801,267.61,0.454,3.26,3,1,0.043
ASIN_00275,Electronics,3.34,30273,6.63,0.19,5.0,1,0,0.082
ASIN_00276,Home & Kitchen,3.36,8334,39.83,0.115,4.85,7,1,0.244
ASIN_00277,Electronics,3.77,34870,250.54,0.696,4.0,2,0,0.231
ASIN_00278,Toys,3.37,46855,33.34,0.642,3.65,7,0,0.122
ASIN_00279,Electronics,3.23,46703,27.38,0.247,4.37,7,1,0.287
ASIN_00280,Books,3.89,28277,23.16,0.31,4.24,3,1,0.274
ASIN_00281,Home & Kitchen,3.6,42850,27.65,0.121,4.38,1,1,0.289
ASIN_00282,Home & Kitchen,5.0,6402,130.69,0.851,4.3,7,0,0.134
ASIN_00283,Toys,1.68,32378,3.63,0.977,4.45,3,1,0.067
ASIN_00284,Beauty,4.67,35530,153.46,0.222,4.92,3,0,0.192
ASIN_00285,Books,4.8,24575,7.97,0.308,4.48,7,0,0.209
ASIN_00286,Clothing,2.14,18289,25.36,0.882,3.68,1,1,0.046
ASIN_00287,Electronics,3.53,18999,21.56,0.934,4.88,1,1,0.238
ASIN_00288,Sports,3.5,23289,59.65,0.478,5.0,14,0,0.015
ASIN_00289,Electronics,2.67,17838,6.7,0.146,5.0,7,1,0.15
ASIN_00290,Grocery,3.18,25127,52.57,0.135,3.64,5,0,0.106
ASIN_00291,Electronics,2.91,5022,250.71,0.617,4.32,5,1,0.225
ASIN_00292,Clothing,5.0,16375,8.47,0.454,3.16,2,1,0.101
ASIN_00293,Electronics,4.55,29257,40.03,0.126,4.48,1,1,0.25
ASIN_00294,Books,4.82,8004,17.08,0.625,3.93,3,0,0.183
ASIN_00295,Books,4.38,22441,50.7,0.11,5.0,1,1,0.24
ASIN_00296,Home & Kitchen,2.9,42968,33.76,0.809,3.81,2,0,0.297
ASIN_00297,Toys,3.38,2101,17.44,0.376,3.36,1,1,0.207
ASIN_00298,Beauty,4.19,48206,53.94,0.136,3.96,1,0,0.296
ASIN_00299,Sports,2.82,25284,201.21,0.63,3.21,7,1,0.018
ASIN_00300,Grocery,4.37,43368,27.36,0.458,4.58,7,1,0.108
ASIN_00301,Electronics,3.61,48714,68.02,0.976,3.17,3,0,0.041
ASIN_00302,Electronics,3.5,26206,9.09,0.59,4.21,2,1,0.086
ASIN_00303,Clothing,4.37,19720,12.72,0.348,3.16,7,1,0.253
ASIN_00304,Toys,4.16,29314,53.11,0.738,4.04,2,1,0.019
ASIN_00305,Books,3.51,15083,146.07,0.344,5.0,2,0,0.161
ASIN_00306,Sports,4.73,5110,47.26,0.914,4.38,2,0,0.174
ASIN_00307,Home & Kitchen,2.94,29317,24.21,0.437,3.77,1,1,0.173
ASIN_00308,Books,4.29,2844,33.09,0.595,4.18,1,1,0.148
ASIN_00309,Grocery,4.27,3389,9.48,0.146,4.21,1,0,0.239
ASIN_00310,Toys,3.55,43624,60.61,0.484,4.44,7,1,0.049
ASIN_00311,Grocery,4.06,42826,80.02,0.849,3.52,5,0,0.1
ASIN_00312,Beauty,2.8,13498,21.07,0.825,4.5,14,1,0.189
ASIN_00313,Home & Kitchen,4.54,17074,20.7,0.302,2.85,2,0,0.21
ASIN_00314,Beauty,3.65,46912,43.2,0.303,3.89,1,0,0.127
ASIN_00315,Clothing,3.38,7536,21.4,0.836,3.96,5,0,0.264
ASIN_00316,Grocery,4.64,37056,31.0,0.937,4.52,7,0,0.13
ASIN_00317,Clothing,3.24,7741,270.35,0.186,4.21,5,1,0.127
ASIN_00318,Electronics,2.67,7715,25.87,0.505,3.5,5,1,0.021
ASIN_00319,Beauty,2.55,1624,23.14,0.404,3.71,2,1,0.17
ASIN_00320,Toys,4.28,13980,17.33,0.884,4.3,1,0,0.216
ASIN_00321,Grocery,2.78,45608,69.7,0.175,4.16,3,0,0.043
ASIN_00322,Sports,5.0,23257,27.63,0.29,3.91,2,0,0.099
ASIN_00323,Home & Kitchen,2.13,15266,17.3,0.777,3.96,1,1,0.237
ASIN_00324,Books,5.0,1436,124.13,0.146,4.55,14,1,0.116
ASIN_00325,Toys,3.97,9072,136.95,0.543,3.94,5,1,0.08
ASIN_00326,Toys,3.72,37486,18.17,0.498,4.16,3,0,0.205
ASIN_00327,Clothing,3.36,27042,5.12,0.401,5.0,2,1,0.067
ASIN_00328,Beauty,4.12,9562,90.7,0.455,3.49,1,1,0.27
ASIN_00329,Grocery,3.77,9440,16.7,0.577,3.27,2,0,0.041
ASIN_00330,Grocery,4.68,37771,73.01,0.245,4.59,1,1,0.215
ASIN_00331,Electronics,3.89,167,4.62,0.615,3.86,7,1,0.155
ASIN_00332,Electronics,3.92,34747,80.85,0.825,4.04,1,1,0.262
ASIN_00333,Home & Kitchen,3.51,19680,9.86,0.784,3.81,5,0,0.047
ASIN_00334,Clothing,3.75,8466,68.77,0.239,4.07,5,1,0.207
ASIN_00335,Toys,4.05,17020,33.59,0.234,5.0,5,0,0.176
ASIN_00336,Grocery,2.43,32596,12.76,0.341,4.6,5,1,0.149
ASIN_00337,Sports,2.72,28052,22.04,0.425,4.63,1,0,0.153
ASIN_00338,Clothing,4.39,34787,65.78,0.468,3.49,1,1,0.219
ASIN_00339,Home & Kitchen,3.94,9838,36.81,0.712,3.62,14,1,0.282
ASIN_00340,Home & Kitchen,3.65,7901,59.41,0.151,2.78,1,0,0.036
ASIN_00341,Clothing,3.81,32977,238.99,0.131,3.8,1,0,0.016
ASIN_00342,Home & Kitchen,4.08,49738,6.93,0.453,4.68,14,1,0.244
ASIN_00343,Clothing,3.37,41805,166.87,0.727,4.46,14,0,0.041
ASIN_00344,Books,3.18,30513,36.76,0.274,4.09,2,1,0.296
ASIN_00345,Clothing,3.96,5352,13.48,0.677,4.19,14,0,0.19
ASIN_00346,Beauty,3.02,30319,8.76,0.334,3.86,1,0,0.199
ASIN_00347,Clothing,4.13,2648,27.41,0.897,4.3,5,1,0.068
ASIN_00348,Home & Kitchen,2.44,40790,83.23,0.906,4.58,5,0,0.08
ASIN_00349,Grocery,4.62,18686,29.15,0.368,3.39,7,1,0.201
ASIN_00350,Beauty,4.18,38333,150.08,0.307,4.35,2,1,0.274
ASIN_00351,Home & Kitchen,4.0,15897,7.76,0.47,4.67,1,0,0.295
ASIN_00352,Electronics,4.59,47304,32.72,0.316,3.99,1,0,0.067
ASIN_00353,Electronics,5.0,17078,9.47,0.705,4.55,2,1,0.049
ASIN_00354,Grocery,4.61,36773,47.64,0.843,5.0,1,1,0.026
ASIN_00355,Grocery,2.33,30687,80.39,0.706,4.15,1,1,0.262
ASIN_00356,Beauty,2.78,32267,21.74,0.842,4.4,3,0,0.095
ASIN_00357,Books,3.3,31363,2.45,0.457,3.83,1,1,0.011
ASIN_00358,Grocery,3.82,14294,40.4,0.241,4.29,2,1,0.075
ASIN_00359,Electronics,4.21,49828,51.25,0.764,4.43,14,1,0.109
ASIN_00360,Clothing,3.22,7932,49.62,0.424,4.3,1,1,0.297
ASIN_00361,Home & Kitchen,3.95,48335,113.95,0.704,3.69,1,1,0.162
ASIN_00362,Electronics,3.2,1176,11.35,0.344,4.3,3,1,0.069
ASIN_00363,Electronics,3.31,11923,65.38,0.173,4.93,3,1,0.107
ASIN_00364,Books,2.67,41908,109.13,0.993,4.42,7,1,0.106
ASIN_00365,Beauty,3.06,39115,5.59,0.241,4.68,1,0,0.016
ASIN_00366,Beauty,2.72,11934,45.59,0.99,4.08,14,1,0.049
ASIN_00367,Toys,3.02,2544,20.0,0.98,4.57,1,0,0.212
ASIN_00368,Books,4.64,36732,30.52,0.814,4.34,1,0,0.045
ASIN_00369,Clothing,3.04,45956,46.88,0.693,3.72,1,0,0.077
ASIN_00370,Beauty,5.0,22674,20.34,0.62,4.36,5,0,0.112
ASIN_00371,Home & Kitchen,4.19,5437,16.85,0.879,3.7,7,1,0.23
ASIN_00372,Grocery,3.95,20649,34.27,0.36,3.88,2,1,0.179
ASIN_00373,Books,3.11,18750,11.16,0.521,4.29,3,1,0.21
ASIN_00374,Grocery,4.36,28233,11.18,0.657,4.35,1,1,0.174
ASIN_00375,Electronics,3.34,34526,65.32,0.47,3.61,3,0,0.208
ASIN_00376,Home & Kitchen,3.9,31708,10.5,0.485,4.73,7,0,0.011
ASIN_00377,Home & Kitchen,5.0,26933,64.48,0.397,4.49,1,0,0.28
ASIN_00378,Electronics,3.72,18327,52.59,0.608,3.85,1,1,0.042
ASIN_00379,Books,4.72,22365,5.9,0.866,3.43,2,0,0.128
ASIN_00380,Electronics,3.24,29060,16.82,0.281,4.13,1,1,0.234
ASIN_00381,Grocery,3.77,42896,109.3,0.941,3.98,7,1,0.136
ASIN_00382,Toys,5.0,16381,12.41,0.72,4.26,2,1,0.285
ASIN_00383,Home & Kitchen,3.3,6593,20.81,0.841,4.02,1,0,0.146
ASIN_00384,Sports,5.0,25005,52.57,0.601,3.2,7,1,0.264
ASIN_00385,Sports,4.37,6309,72.49,0.802,4.01,14,0,0.245
ASIN_00386,Grocery,3.35,7350,25.75,0.115,4.05,1,0,0.294
ASIN_00387,Clothing,4.31,29305,18.22,0.837,4.52,14,0,0.279
ASIN_00388,Beauty,4.58,24264,137.33,0.136,3.85,7,1,0.27
ASIN_00389,Electronics,4.3,25475,188.46,0.901,5.0,5,0,0.222
ASIN_00390,Electronics,2.54,23022,88.13,0.993,3.24,1,0,0.116
ASIN_00391,Clothing,3.22,15357,36.06,0.365,4.86,1,1,0.041
ASIN_00392,Clothing,3.6,33370,14.76,0.289,4.09,5,1,0.21
ASIN_00393,Grocery,3.74,19451,14.43,0.789,4.63,2,1,0.294
ASIN_00394,Grocery,4.3,2341,55.84,0.328,4.24,3,1,0.221
ASIN_00395,Clothing,3.94,9884,50.32,0.879,4.77,2,1,0.279
ASIN_00396,Home & Kitchen,2.73,32321,134.5,0.193,4.01,1,0,0.243
ASIN_00397,Grocery,4.1,33345,63.46,0.213,3.65,14,1,0.057
ASIN_00398,Toys,4.29,7526,7.37,0.981,4.91,1,1,0.082
ASIN_00399,Grocery,4.25,6176,94.82,0.706,4.14,5,0,0.109
ASIN_00400,Electronics,4.66,23486,12.21,0.862,4.31,7,1,0.059
ASIN_00401,Grocery,4.47,18479,22.56,0.392,4.82,1,0,0.179
ASIN_00402,Home & Kitchen,4.17,46765,42.53,0.709,3.68,3,1,0.293
ASIN_00403,Clothing,3.74,44634,243.63,0.635,4.5,7,1,0.231
ASIN_00404,Electronics,2.47,45237,742.42,0.643,3.91,5,1,0.133
ASIN_00405,Grocery,4.14,21013,60.75,0.714,4.13,1,1,0.011
ASIN_00406,Home & Kitchen,3.97,1638,27.57,0.618,4.24,1,1,0.101
ASIN_00407,Toys,4.02,12490,56.51,0.486,3.45,3,0,0.163
ASIN_00408,Grocery,2.78,43622,80.45,0.348,3.81,7,1,0.104
ASIN_00409,Home & Kitchen,2.94,3653,24.03,0.792,4.88,3,0,0.042
ASIN_00410,Toys,4.64,47950,199.38,0.304,4.64,2,1,0.138
ASIN_00411,Clothing,3.77,13145,41.68,0.723,4.17,7,1,0.083
ASIN_00412,Grocery,4.35,17926,54.48,0.31,4.32,1,0,0.274
ASIN_00413,Toys,3.82,14362,64.45,0.663,4.05,1,1,0.04
ASIN_00414,Electronics,3.82,46141,50.48,0.772,4.88,1,0,0.024
ASIN_00415,Clothing,4.55,3142,76.63,0.297,4.1,2,0,0.012
ASIN_00416,Electronics,3.39,102,17.86,0.154,4.32,3,0,0.105
ASIN_00417,Sports,3.88,11412,18.95,0.218,4.77,14,1,0.202
ASIN_00418,Books,3.43,30580,11.02,0.645,3.81,1,1,0.222
ASIN_00419,Grocery,3.45,12727,51.39,0.865,4.98,1,0,0.141
ASIN_00420,Toys,3.55,12929,72.16,0.14,3.43,2,0,0.208
ASIN_00421,Books,3.98,3755,52.34,0.761,5.0,2,1,0.114
ASIN_00422,Books,3.42,27738,176.71,0.407,4.01,2,1,0.204
ASIN_00423,Toys,4.8,8540,32.93,0.531,4.08,3,1,0.022
ASIN_00424,Clothing,3.08,24492,64.63,0.936,3.25,7,1,0.123
ASIN_00425,Grocery,3.65,30656,11.12,0.399,3.97,1,1,0.239
ASIN_00426,Sports,3.45,4671,22.49,0.519,3.68,14,1,0.243
ASIN_00427,Electronics,4.96,48782,66.39,0.112,3.9,1,0,0.218
ASIN_00428,Home & Kitchen,3.96,16999,77.41,0.173,4.13,2,0,0.069
ASIN_00429,Electronics,4.63,1732,24.68,0.333,4.68,14,0,0.082
ASIN_00430,Home & Kitchen,2.61,34627,30.83,0.125,4.3,7,1,0.299
ASIN_00431,Electronics,4.01,10805,7.26,0.668,4.35,14,1,0.04
ASIN_00432,Toys,4.51,37828,23.17,0.484,3.65,1,0,0.062
ASIN_00433,Sports,3.87,43044,80.67,0.593,3.76,14,0,0.048
ASIN_00434,Grocery,4.65,18713,58.86,0.257,5.0,1,0,0.105
ASIN_00435,Home & Kitchen,3.39,12824,54.63,0.366,3.83,14,0,0.071
ASIN_00436,Grocery,4.93,9374,34.81,0.697,5.0,1,1,0.154
ASIN_00437,Grocery,5.0,9288,33.35,0.969,4.08,1,0,0.148
ASIN_00438,Grocery,3.51,30578,17.11,0.145,4.2,14,1,0.271
ASIN_00439,Beauty,3.44,13176,66.61,0.901,4.74,3,1,0.02
ASIN_00440,Clothing,4.96,30938,50.45,0.619,4.84,2,0,0.103
ASIN_00441,Electronics,5.0,5779,54.16,0.608,4.14,5,1,0.183
ASIN_00442,Grocery,3.38,6524,19.57,0.55,4.01,2,1,0.185
ASIN_00443,Electronics,3.46,10988,3.84,0.162,4.17,5,1,0.149
ASIN_00444,Grocery,3.57,30937,99.2,0.181,4.37,7,1,0.247
ASIN_00445,Home & Kitchen,2.72,30803,20.52,0.641,4.65,7,0,0.028
ASIN_00446,Clothing,3.07,18138,13.97,0.407,4.2,1,1,0.246
ASIN_00447,Clothing,3.0,14944,66.25,0.926,4.51,7,1,0.153
ASIN_00448,Toys,3.19,786,22.38,0.466,5.0,3,1,0.049
ASIN_00449,Beauty,3.77,49055,95.58,0.229,4.39,2,1,0.267
ASIN_00450,Toys,3.99,27629,61.38,0.743,4.36,7,1,0.198
ASIN_00451,Toys,5.0,6828,65.6,0.364,3.44,1,0,0.057
ASIN_00452,Toys,3.0,18494,8.45,0.573,2.88,2,1,0.02
ASIN_00453,Toys,4.59,39966,111.27,0.728,4.39,3,0,0.051
ASIN_00454,Toys,3.63,29123,43.0,0.91,4.15,5,0,0.187
ASIN_00455,Sports,3.76,34886,22.89,0.813,3.94,2,0,0.062
ASIN_00456,Clothing,4.34,16285,38.22,0.709,4.32,2,1,0.075
ASIN_00457,Toys,2.9,22268,5.61,0.712,4.17,5,1,0.017
ASIN_00458,Grocery,4.11,13570,49.83,0.951,4.76,3,0,0.22
ASIN_00459,Clothing,3.93,20359,11.83,0.366,4.24,7,1,0.245
ASIN_00460,Clothing,4.19,42956,8.56,0.101,3.83,1,0,0.241
ASIN_00461,Books,4.03,25648,7.23,0.345,4.7,5,0,0.047
ASIN_00462,Sports,5.0,23653,100.75,0.296,4.09,5,0,0.272
ASIN_00463,Toys,3.29,41976,17.65,0.696,4.46,5,0,0.205
ASIN_00464,Electronics,3.38,18663,153.5,0.67,3.96,5,1,0.27
ASIN_00465,Home & Kitchen,3.3,21258,19.38,0.634,3.88,7,1,0.14
ASIN_00466,Beauty,3.36,48568,6.01,0.115,4.24,14,0,0.137
ASIN_00467,Grocery,3.29,26395,10.84,0.756,4.21,14,1,0.238
ASIN_00468,Electronics,4.75,23133,113.96,0.391,4.44,1,1,0.037
ASIN_00469,Sports,4.94,13494,28.34,0.699,4.07,5,0,0.161
ASIN_00470,Home & Kitchen,3.34,38319,19.14,0.601,3.28,5,1,0.253
ASIN_00471,Sports,3.13,32663,38.86,0.408,3.98,2,0,0.251
ASIN_00472,Grocery,4.18,6857,54.7,0.221,4.6,14,0,0.287
ASIN_00473,Clothing,3.36,29455,101.23,0.185,4.05,7,1,0.212
ASIN_00474,Home & Kitchen,4.31,2556,140.96,0.848,4.08,1,0,0.07
ASIN_00475,Clothing,3.96,6416,23.11,0.927,4.69,1,0,0.016
ASIN_00476,Grocery,2.59,49164,8.79,0.685,3.84,1,0,0.149
ASIN_00477,Electronics,5.0,33248,21.9,0.193,3.43,7,1,0.159
ASIN_00478,Grocery,5.0,21805,42.96,0.462,4.12,1,1,0.08
ASIN_00479,Electronics,3.31,10408,12.63,0.756,3.96,2,0,0.046
ASIN_00480,Home & Kitchen,3.49,7244,12.72,0.802,3.72,2,1,0.18
ASIN_00481,Home & Kitchen,4.03,6715,46.7,0.206,4.11,14,1,0.232
ASIN_00482,Toys,4.07,21389,31.54,0.1,4.45,5,0,0.298
ASIN_00483,Sports,4.33,21043,34.22,0.741,4.2,7,1,0.23
ASIN_00484,Toys,5.0,40851,15.51,0.421,4.35,14,1,0.24
ASIN_00485,Sports,3.66,22452,26.3,0.329,5.0,5,1,0.189
ASIN_00486,Toys,3.16,2290,13.14,0.112,4.03,2,1,0.296
ASIN_00487,Clothing,2.7,37996,80.66,0.586,4.34,2,0,0.196
ASIN_00488,Home & Kitchen,3.22,13526,93.25,0.866,3.95,3,1,0.259
ASIN_00489,Electronics,3.77,47662,5.23,0.962,3.78,2,1,0.284
ASIN_00490,Sports,5.0,6976,13.07,0.609,3.91,14,0,0.28
ASIN_00491,Grocery,3.39,29144,7.41,0.563,3.96,1,0,0.121
ASIN_00492,Sports,3.98,19914,17.29,0.177,4.38,1,0,0.033
ASIN_00493,Electronics,3.79,11536,30.46,0.594,5.0,5,1,0.06
ASIN_00494,Toys,4.75,14726,7.77,0.442,3.84,5,1,0.027
ASIN_00495,Sports,5.0,19211,13.17,0.646,3.99,3,0,0.041
ASIN_00496,Beauty,3.38,37716,12.13,0.45,4.17,1,1,0.064
ASIN_00497,Clothing,3.41,6535,40.74,0.316,4.4,5,0,0.109
ASIN_00498,Home & Kitchen,4.64,11121,35.49,0.185,4.33,2,1,0.168
ASIN_00499,Electronics,4.35,263,16.09,0.383,4.84,5,1,0.216
ASIN_00500,Home & Kitchen,5.0,287,39.52,0.187,2.99,1,0,0.071
ASIN_00501,Beauty,4.27,13942,19.17,0.259,3.01,3,0,0.205
ASIN_00502,Sports,3.51,1903,25.24,0.989,3.95,7,0,0.214
ASIN_00503,Sports,4.27,4140,176.52,0.5,4.75,1,1,0.172
ASIN_00504,Grocery,4.69,6634,126.53,0.579,3.42,2,1,0.272
ASIN_00505,Beauty,4.46,43941,9.03,0.886,2.7,1,1,0.042
ASIN_00506,Electronics,4.21,19589,75.92,0.996,4.49,1,1,0.061
ASIN_00507,Grocery,4.65,23556,74.54,0.624,4.32,7,1,0.134
ASIN_00508,Clothing,4.74,33385,10.5,0.831,3.65,5,1,0.047
ASIN_00509,Grocery,4.91,46976,75.1,0.394,3.71,1,1,0.174
ASIN_00510,Books,4.32,17076,154.15,0.375,3.72,1,0,0.126
ASIN_00511,Electronics,3.67,20079,10.78,0.462,4.26,2,0,0.093
ASIN_00512,Books,3.92,25193,13.23,0.705,3.89,1,0,0.059
ASIN_00513,Beauty,4.77,2312,91.62,0.714,4.45,1,1,0.107
ASIN_00514,Toys,3.15,39906,43.44,0.384,2.77,7,0,0.186
ASIN_00515,Books,4.09,11210,57.48,0.22,3.77,7,1,0.177
ASIN_00516,Clothing,3.49,5911,46.55,0.669,3.64,7,1,0.057
ASIN_00517,Grocery,3.82,2596,48.94,0.215,4.07,3,0,0.046
ASIN_00518,Toys,4.82,15154,8.79,0.621,3.93,3,1,0.018
ASIN_00519,Grocery,3.95,44923,94.38,0.724,4.6,2,1,0.014
ASIN_00520,Books,3.84,39956,106.65,0.731,3.27,14,1,0.265
ASIN_00521,Grocery,2.71,25155,26.33,0.778,4.22,2,1,0.023
ASIN_00522,Beauty,4.4,31857,31.71,0.886,4.48,5,0,0.222
ASIN_00523,Toys,4.32,42875,7.16,0.55,5.0,1,0,0.263
ASIN_00524,Beauty,5.0,49826,55.38,0.757,3.96,14,0,0.038
ASIN_00525,Books,3.55,1288,58.68,0.657,4.36,5,1,0.137
ASIN_00526,Beauty,3.98,33696,31.12,0.268,3.3,14,0,0.289
ASIN_00527,Clothing,4.0,1130,101.94,0.123,3.0,5,1,0.252
ASIN_00528,Books,5.0,1534,23.71,0.356,4.62,1,1,0.152
ASIN_00529,Books,3.72,26175,58.24,0.499,4.2,3,0,0.231
ASIN_00530,Books,4.02,8443,11.95,0.655,4.79,2,1,0.252
ASIN_00531,Electronics,4.29,20100,32.34,0.865,3.51,1,0,0.111
ASIN_00532,Grocery,3.95,16159,27.82,0.277,4.46,1,1,0.269
ASIN_00533,Electronics,3.44,8009,41.48,0.213,5.0,3,0,0.146
ASIN_00534,Electronics,3.96,9757,22.88,0.967,4.41,7,0,0.163
ASIN_00535,Clothing,4.66,43365,29.04,0.197,4.34,3,1,0.3
ASIN_00536,Toys,2.98,26824,75.64,0.531,4.2,14,1,0.255
ASIN_00537,Grocery,3.91,36637,21.4,0.627,3.41,2,0,0.115
ASIN_00538,Beauty,3.24,26520,6.64,0.587,4.88,1,1,0.013
ASIN_00539,Sports,4.76,24222,190.49,0.177,3.89,7,1,0.192
ASIN_00540,Books,2.58,23177,131.82,0.151,4.45,14,0,0.214
ASIN_00541,Beauty,3.35,32999,9.1,0.195,3.42,2,1,0.199
ASIN_00542,Books,4.1,15041,66.0,0.627,3.61,3,0,0.291
ASIN_00543,Clothing,5.0,11744,20.03,0.59,4.92,7,1,0.26
ASIN_00544,Books,3.75,32225,43.1,0.31,4.03,14,1,0.14
ASIN_00545,Electronics,3.36,49421,44.44,0.674,4.93,2,0,0.028
ASIN_00546,Grocery,5.0,9592,26.2,0.838,4.16,3,1,0.148
ASIN_00547,Sports,2.64,44522,15.12,0.137,3.28,2,1,0.21
ASIN_00548,Home & Kitchen,2.04,30134,16.6,0.548,4.65,2,1,0.186
ASIN_00549,Books,4.15,650,13.25,0.72,3.91,5,1,0.166
ASIN_00550,Beauty,3.4,30935,14.41,0.327,4.55,14,1,0.146
ASIN_00551,Electronics,2.98,16304,30.96,0.377,4.21,3,1,0.095
ASIN_00552,Home & Kitchen,4.37,30095,16.19,0.652,3.43,3,1,0.09
ASIN_00553,Sports,4.0,21958,65.5,0.908,4.28,7,1,0.155
ASIN_00554,Home & Kitchen,3.35,46448,146.53,0.829,5.0,2,0,0.057
ASIN_00555,Electronics,2.78,26480,18.54,0.625,4.45,1,0,0.109
ASIN_00556,Grocery,4.5,18893,42.07,0.757,4.17,5,1,0.104
ASIN_00557,Grocery,4.32,43737,54.58,0.428,4.74,2,0,0.18
ASIN_00558,Toys,3.72,16092,53.09,0.677,4.31,1,0,0.029
ASIN_00559,Grocery,5.0,46310,35.73,0.52,4.3,1,1,0.251
ASIN_00560,Toys,2.94,46042,69.59,0.271,3.65,3,0,0.173
ASIN_00561,Home & Kitchen,2.58,9351,53.64,0.732,4.32,7,1,0.205
ASIN_00562,Clothing,3.25,592,9.61,0.601,4.72,1,0,0.214
ASIN_00563,Beauty,3.76,12768,78.98,0.423,3.78,3,1,0.095
ASIN_00564,Beauty,3.99,41950,80.42,0.92,4.91,1,1,0.146
ASIN_00565,Home & Kitchen,3.61,4084,15.44,0.119,4.15,1,0,0.287
ASIN_00566,Books,4.08,36121,34.4,0.384,3.76,5,1,0.232
ASIN_00567,Books,2.8,20220,65.58,0.151,4.7,1,1,0.291
ASIN_00568,Grocery,4.96,25822,26.86,0.79,4.06,3,1,0.226
ASIN_00569,Beauty,3.73,24770,96.83,0.732,4.58,5,1,0.061
ASIN_00570,Beauty,4.69,30117,352.08,0.398,4.05,7,0,0.029
ASIN_00571,Toys,4.07,25561,15.09,0.708,4.17,5,0,0.178
ASIN_00572,Clothing,4.17,18104,8.32,0.456,4.45,3,1,0.114
ASIN_00573,Electronics,4.26,43558,44.87,0.781,4.35,14,1,0.09
ASIN_00574,Books,4.16,45101,68.14,0.509,3.2,1,0,0.244
ASIN_00575,Beauty,4.31,6455,26.29,0.471,3.64,3,1,0.116
ASIN_00576,Toys,4.86,13235,141.64,0.941,4.66,2,0,0.102
ASIN_00577,Sports,3.96,29014,8.68,0.326,4.13,1,1,0.256
ASIN_00578,Toys,4.37,5438,66.22,0.208,3.94,1,1,0.255
ASIN_00579,Books,3.73,33871,18.07,0.626,3.52,1,1,0.113
ASIN_00580,Books,4.95,39869,184.82,0.972,3.66,1,1,0.251
ASIN_00581,Toys,3.26,18715,242.87,0.44,3.19,2,1,0.257
ASIN_00582,Electronics,5.0,11444,15.38,0.156,4.15,1,1,0.133
ASIN_00583,Home & Kitchen,3.77,41860,19.11,0.405,3.9,1,1,0.029
ASIN_00584,Books,2.66,16026,78.22,0.555,3.72,2,1,0.01
ASIN_00585,Toys,3.9,6421,22.49,0.246,4.17,5,1,0.162
ASIN_00586,Beauty,3.26,6985,31.65,0.692,4.38,3,1,0.11
ASIN_00587,Toys,4.47,18063,33.97,0.998,5.0,3,1,0.299
ASIN_00588,Clothing,3.28,11106,4.86,0.507,3.44,14,1,0.234
ASIN_00589,Home & Kitchen,3.44,40723,32.66,0.419,4.78,1,1,0.231
ASIN_00590,Sports,2.29,32607,16.61,0.461,4.69,2,0,0.287
ASIN_00591,Electronics,3.44,9127,20.22,0.204,3.81,2,0,0.267
ASIN_00592,Grocery,1.86,12581,140.28,0.895,4.3,1,1,0.102
ASIN_00593,Sports,2.53,27521,9.43,0.473,3.97,7,1,0.058
ASIN_00594,Home & Kitchen,4.41,22438,74.68,0.449,4.29,7,1,0.226
ASIN_00595,Home & Kitchen,4.43,1094,25.05,0.694,4.95,3,0,0.12
ASIN_00596,Home & Kitchen,4.14,37351,25.03,0.498,4.5,2,1,0.147
ASIN_00597,Sports,3.03,9132,72.99,0.683,4.45,7,1,0.193
ASIN_00598,Beauty,3.76,10492,46.53,0.155,3.98,1,0,0.273
ASIN_00599,Home & Kitchen,3.8,160,58.59,0.832,3.46,1,1,0.132
ASIN_00600,Toys,2.87,1963,87.2,0.946,4.1,1,1,0.237
ASIN_00601,Sports,5.0,10698,23.78,0.684,4.8,2,1,0.088
ASIN_00602,Grocery,4.5,39117,17.95,0.959,3.44,1,0,0.212
ASIN_00603,Home & Kitchen,3.62,38552,11.19,0.236,3.67,1,1,0.01
ASIN_00604,Toys,3.82,28800,14.51,0.53,4.26,3,0,0.263
ASIN_00605,Beauty,3.97,21452,632.13,0.642,3.71,7,0,0.019
ASIN_00606,Clothing,2.17,36603,114.97,0.624,3.8,1,1,0.217
ASIN_00607,Beauty,3.6,41819,8.58,0.461,3.99,2,1,0.023
ASIN_00608,Grocery,3.25,25220,8.82,0.404,3.52,5,1,0.087
ASIN_00609,Home & Kitchen,3.0,9799,53.62,0.214,3.71,1,0,0.154
ASIN_00610,Grocery,3.58,33214,57.24,0.453,4.55,1,0,0.132
ASIN_00611,Sports,5.0,22429,57.33,0.246,3.55,5,1,0.066
ASIN_00612,Books,4.31,47251,25.66,0.761,3.4,5,0,0.107
ASIN_00613,Home & Kitchen,3.34,37401,29.21,0.288,3.88,1,1,0.221
ASIN_00614,Books,4.26,6375,45.96,0.153,4.57,1,1,0.204
ASIN_00615,Toys,4.92,9533,36.09,0.597,4.1,2,0,0.031
ASIN_00616,Clothing,4.54,28281,3.6,0.636,3.97,2,0,0.227
ASIN_00617,Electronics,3.85,44338,26.32,0.885,4.22,2,1,0.025
ASIN_00618,Grocery,3.28,8184,14.13,0.619,3.33,2,0,0.167
ASIN_00619,Beauty,4.36,48786,39.46,0.411,4.45,7,0,0.085
ASIN_00620,Clothing,4.11,16848,655.41,0.823,4.39,5,0,0.18
ASIN_00621,Home & Kitchen,4.52,23957,47.82,0.586,4.0,14,0,0.086
ASIN_00622,Books,4.31,33165,24.2,0.171,4.7,5,0,0.296
ASIN_00623,Beauty,4.64,44903,83.25,0.609,3.64,1,1,0.1
ASIN_00624,Books,3.37,29521,53.66,0.917,4.76,5,0,0.08
ASIN_00625,Sports,4.85,10454,50.41,0.457,4.28,1,1,0.091
ASIN_00626,Books,3.96,21130,60.76,0.367,4.03,5,0,0.27
ASIN_00627,Sports,5.0,7423,258.93,0.229,4.19,7,1,0.195
ASIN_00628,Toys,3.25,22751,10.69,0.236,4.15,14,0,0.222
ASIN_00629,Beauty,5.0,2459,53.18,0.489,4.81,1,1,0.276
ASIN_00630,Beauty,3.96,17766,13.11,0.636,3.66,2,1,0.274
ASIN_00631,Electronics,3.28,15228,57.71,0.173,3.82,2,1,0.224
ASIN_00632,Home & Kitchen,3.41,6706,13.21,0.946,4.72,14,0,0.067
ASIN_00633,Sports,3.54,2602,21.82,0.78,3.9,5,0,0.255
ASIN_00634,Electronics,4.14,146,24.65,0.628,4.65,1,1,0.069
ASIN_00635,Books,4.22,2664,87.87,0.846,5.0,2,0,0.225
ASIN_00636,Books,3.34,20985,82.97,0.172,4.0,5,0,0.209
ASIN_00637,Electronics,3.78,9036,9.53,0.529,4.54,7,0,0.23
ASIN_00638,Beauty,5.0,15042,34.99,0.667,3.62,1,1,0.164
ASIN_00639,Books,5.0,46743,16.29,0.846,4.58,1,0,0.195
ASIN_00640,Grocery,4.15,38434,9.41,0.805,4.3,5,1,0.286
ASIN_00641,Toys,3.83,6147,26.66,0.349,4.44,1,0,0.039
ASIN_00642,Toys,3.9,12114,24.33,0.947,3.88,5,0,0.1
ASIN_00643,Grocery,4.29,22015,374.92,0.212,3.37,14,0,0.187
ASIN_00644,Electronics,2.98,8792,51.06,0.888,4.45,1,0,0.29
ASIN_00645,Grocery,3.59,42869,8.35,0.974,3.17,5,1,0.038
ASIN_00646,Sports,2.47,8477,18.83,0.259,4.04,2,1,0.017
ASIN_00647,Sports,4.12,49580,91.96,0.75,4.67,1,1,0.026
ASIN_00648,Electronics,4.32,23388,267.32,0.136,4.3,5,1,0.025
ASIN_00649,Grocery,3.41,4254,6.78,0.465,5.0,2,1,0.273
ASIN_00650,Sports,5.0,47722,5.05,0.565,4.71,1,0,0.219
ASIN_00651,Beauty,2.82,34523,215.07,0.623,3.87,2,0,0.206
ASIN_00652,Grocery,2.63,18356,48.89,0.942,4.21,1,1,0.162
ASIN_00653,Beauty,3.98,4093,13.9,0.705,4.18,5,1,0.237
ASIN_00654,Sports,4.64,15287,56.52,0.533,3.41,3,1,0.055
ASIN_00655,Toys,5.0,19335,2.37,0.829,3.73,7,1,0.124
ASIN_00656,Sports,3.43,42414,33.23,0.955,3.92,2,1,0.152
ASIN_00657,Beauty,4.66,21783,45.96,0.12,3.18,1,0,0.042
ASIN_00658,Clothing,3.77,24269,83.45,0.984,4.22,14,1,0.132
ASIN_00659,Home & Kitchen,3.66,5080,12.01,0.178,4.08,7,0,0.102
ASIN_00660,Books,4.51,10417,36.08,0.833,3.36,3,1,0.02
ASIN_00661,Grocery,4.32,48459,13.13,0.352,4.4,5,0,0.05
ASIN_00662,Clothing,2.54,28370,42.75,0.219,4.56,14,0,0.232
ASIN_00663,Sports,4.98,7235,13.53,0.496,4.31,5,0,0.015
ASIN_00664,Toys,4.9,48205,22.02,0.68,4.04,1,0,0.281
ASIN_00665,Electronics,3.3,11007,12.23,0.443,4.5,3,0,0.035
ASIN_00666,Sports,4.12,13952,63.51,0.149,4.54,5,0,0.242
ASIN_00667,Toys,4.2,13691,78.14,0.64,4.35,1,0,0.271
ASIN_00668,Home & Kitchen,4.01,29309,26.19,0.912,3.79,1,1,0.283
ASIN_00669,Sports,3.36,13079,34.41,0.445,4.34,2,1,0.262
ASIN_00670,Beauty,3.26,4498,7.78,0.295,4.8,3,1,0.093
ASIN_00671,Electronics,3.78,34233,24.54,0.498,3.9,1,0,0.107
ASIN_00672,Toys,4.74,14145,31.49,0.144,5.0,14,1,0.134
ASIN_00673,Toys,4.23,31660,455.23,0.838,3.94,2,0,0.05
ASIN_00674,Toys,3.5,43477,10.89,0.844,4.22,5,0,0.016
ASIN_00675,Home & Kitchen,4.42,49442,143.19,0.629,3.86,14,1,0.262
ASIN_00676,Sports,1.52,49421,89.73,0.418,4.31,14,1,0.171
ASIN_00677,Home & Kitchen,4.72,6821,43.84,0.82,3.33,1,0,0.187
ASIN_00678,Grocery,2.41,11644,192.22,0.599,3.93,1,1,0.279
ASIN_00679,Books,3.51,47197,48.04,0.843,3.65,1,0,0.203
ASIN_00680,Books,2.9,46738,48.87,0.668,4.27,3,1,0.21
ASIN_00681,Grocery,2.76,29497,31.4,0.806,4.7,1,0,0.238
ASIN_00682,Sports,4.73,11245,112.57,0.639,4.52,1,1,0.044
ASIN_00683,Beauty,3.43,32703,99.13,0.473,3.01,1,0,0.114
ASIN_00684,Home & Kitchen,4.08,26962,17.71,0.962,5.0,2,1,0.291
ASIN_00685,Electronics,3.76,32813,8.85,0.587,4.35,2,1,0.278
ASIN_00686,Toys,4.18,5832,27.03,0.645,3.81,1,1,0.266
ASIN_00687,Toys,3.86,32767,14.88,0.298,4.28,2,1,0.141
ASIN_00688,Sports,2.77,8264,31.08,0.663,4.29,1,0,0.259
ASIN_00689,Beauty,4.6,14854,114.14,0.614,3.87,1,0,0.024
ASIN_00690,Books,3.4,16237,20.96,0.266,4.3,14,1,0.053
ASIN_00691,Books,2.55,40577,31.73,0.154,3.9,1,1,0.13
ASIN_00692,Toys,3.46,24178,35.09,0.644,4.0,5,1,0.15
ASIN_00693,Sports,5.0,5379,77.36,0.787,3.86,2,0,0.086
ASIN_00694,Home & Kitchen,4.48,21179,3.5,0.571,3.48,2,0,0.113
ASIN_00695,Books,3.52,23572,18.05,0.304,4.27,2,1,0.057
ASIN_00696,Home & Kitchen,3.52,35297,40.91,0.7,4.49,1,0,0.152
ASIN_00697,Beauty,3.54,9282,109.96,0.172,4.46,3,0,0.24
ASIN_00698,Books,5.0,31605,20.25,0.498,4.61,14,0,0.202
ASIN_00699,Books,4.11,9890,5.07,0.247,4.36,1,0,0.041
ASIN_00700,Clothing,4.14,783,61.54,0.266,3.93,5,0,0.151
ASIN_00701,Books,4.62,29170,17.54,0.282,4.62,3,0,0.212
ASIN_00702,Grocery,3.99,1497,10.08,0.448,3.52,2,1,0.164
ASIN_00703,Electronics,3.59,30467,17.74,0.146,3.75,2,0,0.124
ASIN_00704,Grocery,3.64,49817,27.54,0.458,3.72,2,1,0.19
ASIN_00705,Sports,3.74,13620,18.09,0.561,4.74,3,1,0.291
ASIN_00706,Sports,3.77,44905,3.65,0.535,4.67,2,1,0.038
ASIN_00707,Home & Kitchen,4.38,42951,81.21,0.445,4.44,2,0,0.123
ASIN_00708,Grocery,3.84,7856,118.5,0.855,4.74,3,1,0.128
ASIN_00709,Grocery,4.39,16293,63.53,0.231,3.76,2,1,0.177
ASIN_00710,Grocery,3.74,7161,10.62,0.555,4.37,5,1,0.054
ASIN_00711,Beauty,3.86,2049,27.07,0.156,4.14,14,1,0.061
ASIN_00712,Books,2.2,7373,32.9,0.164,4.62,5,1,0.093
ASIN_00713,Electronics,4.53,19905,60.27,0.616,4.14,5,0,0.287
ASIN_00714,Home & Kitchen,4.08,30605,64.61,0.609,4.01,2,0,0.223
ASIN_00715,Grocery,4.6,46408,15.89,0.89,4.47,1,1,0.202
ASIN_00716,Grocery,1.48,25639,35.95,0.602,4.64,7,0,0.247
ASIN_00717,Clothing,5.0,9173,52.31,0.964,3.87,2,0,0.047
ASIN_00718,Home & Kitchen,3.69,20966,142.0,0.144,4.17,1,1,0.259
ASIN_00719,Grocery,4.69,49884,66.99,0.188,3.67,2,0,0.183
ASIN_00720,Home & Kitchen,2.97,44101,72.9,0.14,2.95,7,0,0.107
ASIN_00721,Books,4.29,46092,36.01,0.267,4.3,2,1,0.247
ASIN_00722,Clothing,2.96,23857,135.7,0.587,4.5,7,1,0.243
ASIN_00723,Home & Kitchen,3.3,33115,49.89,0.681,4.33,7,0,0.255
ASIN_00724,Electronics,5.0,32179,14.0,0.141,3.23,1,0,0.044
ASIN_00725,Electronics,3.65,34220,134.74,0.951,4.02,14,1,0.291
ASIN_00726,Sports,3.97,26960,66.55,0.858,3.09,1,1,0.288
ASIN_00727,Clothing,4.5,6586,21.26,0.367,4.88,1,1,0.114
ASIN_00728,Clothing,4.2,44624,20.5,0.169,3.66,1,0,0.029
ASIN_00729,Sports,3.92,6322,44.55,0.253,4.83,3,1,0.058
ASIN_00730,Home & Kitchen,4.09,49683,52.62,0.214,4.67,1,1,0.298
ASIN_00731,Clothing,5.0,42861,40.34,0.211,3.75,3,0,0.173
ASIN_00732,Electronics,3.75,45719,45.21,0.567,3.63,1,1,0.113
ASIN_00733,Electronics,3.96,26654,181.26,0.321,4.38,1,1,0.094
ASIN_00734,Grocery,4.64,23137,96.69,0.422,3.78,2,1,0.085
ASIN_00735,Books,4.68,16794,40.07,0.991,4.25,14,0,0.203
ASIN_00736,Clothing,4.75,14572,84.89,0.716,3.96,7,1,0.132
ASIN_00737,Home & Kitchen,4.31,14873,11.79,0.954,3.31,1,0,0.29
ASIN_00738,Sports,2.89,24375,49.3,0.228,3.08,1,1,0.208
ASIN_00739,Sports,5.0,42538,202.21,0.444,4.31,1,1,0.24
ASIN_00740,Home & Kitchen,2.88,30488,26.63,0.599,3.92,1,1,0.095
ASIN_00741,Beauty,4.04,12471,14.19,0.169,3.92,1,1,0.033
ASIN_00742,Toys,3.2,28808,17.25,0.104,4.55,7,0,0.151
ASIN_00743,Books,3.75,18235,11.14,0.703,4.79,1,1,0.101
ASIN_00744,Sports,4.06,17867,15.11,0.678,4.06,2,0,0.069
ASIN_00745,Clothing,4.06,43360,22.86,0.47,4.03,14,1,0.286
ASIN_00746,Books,4.14,31264,8.12,0.541,4.45,5,0,0.139
ASIN_00747,Clothing,5.0,33544,33.64,0.474,3.52,2,0,0.061
ASIN_00748,Beauty,4.16,21914,81.64,0.122,4.31,14,0,0.068
ASIN_00749,Electronics,3.6,30800,13.36,0.402,4.48,14,1,0.091
ASIN_00750,Books,4.57,49073,151.3,0.259,4.54,1,1,0.3
ASIN_00751,Grocery,4.75,8775,55.19,0.189,3.23,3,1,0.088
ASIN_00752,Sports,2.82,11098,92.81,0.961,3.82,2,0,0.105
ASIN_00753,Books,4.28,46576,17.15,0.639,3.76,7,1,0.201
ASIN_00754,Books,4.36,198,77.83,0.756,4.25,5,0,0.095
ASIN_00755,Books,3.56,34780,11.11,0.384,4.44,5,0,0.073
ASIN_00756,Toys,4.9,17574,80.66,0.454,4.95,14,1,0.056
ASIN_00757,Books,3.68,11195,39.32,0.313,3.95,2,0,0.101
ASIN_00758,Clothing,3.9,42757,57.58,0.187,3.95,3,0,0.041
ASIN_00759,Electronics,3.66,32332,10.22,0.261,4.77,1,0,0.015
ASIN_00760,Beauty,3.81,42075,13.53,0.818,4.35,3,1,0.243
ASIN_00761,Home & Kitchen,2.92,20394,60.17,0.71,4.83,1,1,0.05
ASIN_00762,Books,2.65,40202,12.83,0.592,4.34,3,1,0.235
ASIN_00763,Sports,5.0,2266,52.63,0.528,3.62,14,0,0.241
ASIN_00764,Books,3.12,28374,8.44,0.93,3.53,7,0,0.166
ASIN_00765,Sports,3.01,26517,77.34,0.165,3.42,14,1,0.1
ASIN_00766,Clothing,2.08,6721,9.66,0.353,4.53,7,0,0.052
ASIN_00767,Sports,3.29,21264,57.53,0.415,4.79,1,1,0.224
ASIN_00768,Grocery,2.74,28938,61.91,0.804,5.0,7,0,0.184
ASIN_00769,Home & Kitchen,5.0,41694,16.5,0.993,4.62,3,0,0.2
ASIN_00770,Electronics,4.61,4383,59.27,0.317,4.78,3,0,0.013
ASIN_00771,Sports,3.25,40588,42.97,0.887,3.91,3,0,0.279
ASIN_00772,Sports,5.0,46551,19.32,0.848,3.62,1,1,0.029
ASIN_00773,Electronics,4.59,19840,12.08,0.302,4.63,1,1,0.116
ASIN_00774,Home & Kitchen,3.54,29038,4.65,0.459,4.41,2,0,0.127
ASIN_00775,Books,1.8,24005,46.98,0.469,4.25,3,1,0.01
ASIN_00776,Sports,5.0,45501,6.93,0.98,4.39,1,1,0.154
ASIN_00777,Electronics,2.69,10337,36.43,0.263,4.36,5,0,0.228
ASIN_00778,Grocery,2.48,42609,25.45,0.819,4.84,5,1,0.249
ASIN_00779,Grocery,4.62,2805,65.31,0.401,4.85,2,0,0.265
ASIN_00780,Clothing,5.0,29543,24.48,0.758,4.47,2,0,0.151
ASIN_00781,Electronics,4.91,30124,23.82,0.478,4.62,1,0,0.193
ASIN_00782,Clothing,4.25,8338,68.85,0.621,4.46,1,0,0.033
ASIN_00783,Grocery,4.28,5415,46.3,0.849,3.97,14,0,0.152
ASIN_00784,Home & Kitchen,4.48,17844,45.43,0.824,4.58,7,0,0.055
ASIN_00785,Books,4.41,30524,52.95,0.88,3.5,7,0,0.117
ASIN_00786,Electronics,4.02,5813,7.13,0.154,4.73,14,1,0.105
ASIN_00787,Beauty,3.88,6801,70.58,0.723,3.6,5,0,0.133
ASIN_00788,Grocery,3.75,21185,61.1,0.226,4.34,14,0,0.176
ASIN_00789,Grocery,3.2,43061,11.98,0.474,3.78,1,1,0.272
ASIN_00790,Beauty,3.58,17714,25.94,0.594,4.48,3,1,0.124
ASIN_00791,Toys,2.45,17548,31.84,0.462,4.18,1,0,0.295
ASIN_00792,Grocery,3.72,37423,28.95,0.568,3.4,3,1,0.23
ASIN_00793,Sports,3.01,29080,46.24,0.997,4.41,1,0,0.158
ASIN_00794,Home & Kitchen,2.92,37760,138.57,0.222,3.91,7,0,0.197
ASIN_00795,Electronics,3.94,47973,97.69,0.708,4.64,2,1,0.04
ASIN_00796,Beauty,4.91,37470,8.92,0.456,4.2,3,0,0.255
ASIN_00797,Sports,4.53,30507,61.69,0.22,4.4,14,1,0.179
ASIN_00798,Beauty,2.54,16729,125.08,0.243,3.72,1,0,0.296
ASIN_00799,Electronics,3.01,3833,48.76,0.954,3.91,1,1,0.195
ASIN_00800,Clothing,4.55,17092,98.59,0.892,3.97,5,0,0.252
ASIN_00801,Electronics,3.01,12610,247.71,0.916,4.63,1,1,0.242
ASIN_00802,Toys,3.62,31342,92.18,0.992,5.0,1,1,0.11
ASIN_00803,Electronics,4.24,5487,42.49,0.287,3.8,2,1,0.085
ASIN_00804,Electronics,3.03,27010,94.17,0.42,4.74,14,1,0.135
ASIN_00805,Toys,3.88,22765,38.28,0.702,3.12,7,1,0.145
ASIN_00806,Home & Kitchen,2.73,5468,33.92,0.535,3.6,1,1,0.08
ASIN_00807,Grocery,3.32,46633,23.3,0.477,3.72,7,1,0.269
ASIN_00808,Electronics,4.06,4917,158.13,0.422,3.52,2,0,0.167
ASIN_00809,Toys,2.53,4653,14.61,0.634,3.41,1,0,0.294
ASIN_00810,Sports,4.15,33628,153.3,0.618,4.41,5,0,0.245
ASIN_00811,Clothing,3.78,35639,54.59,0.245,4.09,3,0,0.171
ASIN_00812,Clothing,4.24,44607,8.17,0.525,4.39,2,1,0.285
ASIN_00813,Electronics,3.98,49067,47.83,0.598,4.55,1,1,0.156
ASIN_00814,Home & Kitchen,4.89,49339,4.06,0.613,4.33,1,1,0.267
ASIN_00815,Home & Kitchen,3.9,3117,61.9,0.289,4.53,7,0,0.114
ASIN_00816,Sports,3.46,22059,80.26,0.768,4.17,1,0,0.12
ASIN_00817,Electronics,3.9,4497,18.31,0.123,3.61,1,1,0.131
ASIN_00818,Clothing,4.23,22212,37.47,0.419,4.73,1,1,0.169
ASIN_00819,Home & Kitchen,3.84,15119,233.73,0.802,3.91,2,1,0.171
ASIN_00820,Electronics,3.83,34290,19.97,0.608,3.73,2,0,0.154
ASIN_00821,Beauty,3.24,16023,11.49,0.335,4.11,5,0,0.099
ASIN_00822,Home & Kitchen,3.27,21391,145.72,0.725,3.74,2,1,0.279
ASIN_00823,Toys,2.68,17745,235.71,0.611,3.99,7,1,0.181
ASIN_00824,Beauty,5.0,44204,33.24,0.817,4.37,2,0,0.128
ASIN_00825,Grocery,2.8,8215,91.05,0.762,4.37,3,0,0.199
ASIN_00826,Home & Kitchen,3.25,44368,126.66,0.649,3.75,2,1,0.233
ASIN_00827,Clothing,3.23,45644,15.76,0.539,3.96,1,0,0.289
ASIN_00828,Books,4.52,12748,20.38,0.22,4.74,1,1,0.155
ASIN_00829,Beauty,3.56,42097,113.39,0.335,4.45,1,0,0.043
ASIN_00830,Grocery,4.8,44304,178.58,0.477,5.0,7,0,0.138
ASIN_00831,Sports,3.26,6593,58.14,0.639,4.79,2,1,0.149
ASIN_00832,Sports,4.02,3316,13.74,0.562,4.77,2,1,0.27
ASIN_00833,Clothing,3.13,22437,241.55,0.359,3.51,7,0,0.124
ASIN_00834,Home & Kitchen,5.0,33760,19.47,0.106,4.58,5,1,0.286
ASIN_00835,Electronics,2.85,3326,23.69,0.547,4.17,7,0,0.151
ASIN_00836,Home & Kitchen,4.05,15817,46.63,0.357,3.92,7,0,0.292
ASIN_00837,Clothing,4.31,37388,156.67,0.761,4.28,3,0,0.012
ASIN_00838,Sports,4.13,48285,77.79,0.122,4.67,1,1,0.271
ASIN_00839,Home & Kitchen,3.65,13151,50.14,0.626,4.45,3,1,0.28
ASIN_00840,Sports,3.7,13659,52.63,0.947,3.76,1,0,0.289
ASIN_00841,Beauty,3.84,35825,34.59,0.257,4.57,1,1,0.014
ASIN_00842,Grocery,3.68,731,57.87,0.524,3.88,1,0,0.06
ASIN_00843,Electronics,4.57,3765,2.64,0.182,4.31,1,0,0.2
ASIN_00844,Beauty,5.0,22195,24.62,0.663,4.05,2,1,0.017
ASIN_00845,Sports,3.35,1880,42.15,0.595,4.09,1,0,0.028
ASIN_00846,Sports,2.7,23382,10.47,0.467,4.58,3,1,0.074
ASIN_00847,Books,3.73,46742,48.73,0.569,3.68,5,1,0.159
ASIN_00848,Books,5.0,4038,26.99,0.907,5.0,1,0,0.168
ASIN_00849,Beauty,3.16,38216,191.61,0.277,3.29,2,0,0.02
ASIN_00850,Toys,5.0,17378,159.66,0.12,3.9,1,1,0.059
ASIN_00851,Beauty,5.0,3749,20.78,0.875,4.39,1,0,0.155
ASIN_00852,Books,3.36,25000,28.48,0.619,4.49,7,1,0.182
ASIN_00853,Sports,4.26,16982,30.75,0.902,4.15,1,1,0.053
ASIN_00854,Clothing,5.0,32407,21.08,0.637,4.17,1,1,0.126
ASIN_00855,Beauty,3.5,34547,40.25,0.829,4.41,7,0,0.272
ASIN_00856,Sports,3.64,10656,15.51,0.487,4.08,5,1,0.3
ASIN_00857,Clothing,3.33,33708,10.69,0.775,4.9,5,1,0.296
ASIN_00858,Clothing,2.99,13400,61.73,0.922,4.62,2,1,0.266
ASIN_00859,Books,3.28,29813,62.15,0.615,4.64,14,0,0.124
ASIN_00860,Beauty,2.82,36581,14.82,0.263,3.72,3,1,0.209
ASIN_00861,Home & Kitchen,3.83,16720,81.07,0.342,4.16,1,1,0.131
ASIN_00862,Electronics,3.18,44414,17.61,0.279,4.05,1,1,0.198
ASIN_00863,Books,3.99,24311,42.66,0.322,3.7,1,0,0.1
ASIN_00864,Books,2.56,19091,75.21,0.376,4.38,14,0,0.186
ASIN_00865,Home & Kitchen,4.06,14381,32.02,0.6,3.93,2,1,0.162
ASIN_00866,Electronics,4.47,5894,52.18,0.629,4.53,2,0,0.017
ASIN_00867,Sports,2.21,37827,19.76,0.484,3.66,1,1,0.239
ASIN_00868,Toys,4.1,36641,27.21,0.654,5.0,2,0,0.013
ASIN_00869,Beauty,4.78,20589,26.95,0.173,3.75,7,1,0.095
ASIN_00870,Toys,2.83,49358,15.7,0.179,4.31,2,1,0.012
ASIN_00871,Sports,5.0,34615,27.75,0.255,4.6,14,1,0.119
ASIN_00872,Grocery,4.14,10063,7.04,0.566,3.91,14,0,0.028
ASIN_00873,Books,3.24,9106,20.26,0.293,4.63,3,0,0.275
ASIN_00874,Electronics,3.76,12502,24.91,0.355,3.59,1,1,0.131
ASIN_00875,Books,4.25,4663,25.63,0.46,4.93,5,0,0.143
ASIN_00876,Clothing,3.86,11386,26.01,0.831,4.21,14,1,0.111
ASIN_00877,Books,4.23,40317,31.13,0.112,3.9,3,1,0.192
ASIN_00878,Books,3.06,40491,53.49,0.684,4.05,1,1,0.237
ASIN_00879,Sports,3.94,46624,79.4,0.702,4.6,5,0,0.198
ASIN_00880,Sports,2.67,17159,17.29,0.819,3.91,2,0,0.227
ASIN_00881,Sports,3.71,19544,9.94,0.939,3.83,1,1,0.273
ASIN_00882,Toys,3.08,11782,11.68,0.118,4.09,1,1,0.26
ASIN_00883,Clothing,3.21,34401,20.34,0.238,3.61,2,1,0.205
ASIN_00884,Grocery,4.79,30378,23.29,0.898,5.0,5,1,0.072
ASIN_00885,Grocery,4.67,33159,15.33,0.513,3.92,1,1,0.195
ASIN_00886,Sports,4.29,6036,9.06,0.608,4.62,3,1,0.157
ASIN_00887,Electronics,2.93,28002,20.99,0.697,4.3,2,1,0.218
ASIN_00888,Toys,3.55,6444,39.7,0.711,3.71,1,1,0.252
ASIN_00889,Home & Kitchen,4.77,22790,60.04,0.939,4.2,3,1,0.225
ASIN_00890,Electronics,3.91,13397,18.96,0.997,4.59,7,1,0.256
ASIN_00891,Beauty,5.0,28674,21.91,0.748,4.11,1,1,0.029
ASIN_00892,Beauty,4.11,28944,13.11,0.358,4.8,1,0,0.019
ASIN_00893,Electronics,3.95,2287,32.09,0.892,4.71,2,1,0.085
ASIN_00894,Sports,3.55,34629,14.18,0.144,4.66,1,0,0.271
ASIN_00895,Home & Kitchen,3.91,48443,58.74,0.308,3.97,14,1,0.249
ASIN_00896,Home & Kitchen,3.68,24369,5.55,0.908,3.66,7,1,0.208
ASIN_00897,Toys,4.37,2003,23.11,0.331,3.89,7,1,0.213
ASIN_00898,Home & Kitchen,4.57,31710,44.75,0.299,4.3,2,1,0.221
ASIN_00899,Beauty,3.17,38249,39.8,0.224,4.47,2,1,0.283
ASIN_00900,Clothing,2.74,9433,489.33,0.873,3.11,2,0,0.251
ASIN_00901,Sports,2.33,37442,46.98,0.55,4.2,14,1,0.191
ASIN_00902,Home & Kitchen,4.21,12341,12.13,0.707,4.28,1,1,0.203
ASIN_00903,Toys,2.92,9347,30.1,0.315,4.06,7,0,0.072
ASIN_00904,Beauty,2.08,39837,5.61,0.782,4.85,1,1,0.201
ASIN_00905,Clothing,4.11,7451,30.55,0.784,4.41,1,0,0.133
ASIN_00906,Books,5.0,38397,14.4,0.381,4.86,1,1,0.054
ASIN_00907,Books,3.8,7466,82.71,0.47,4.09,14,0,0.244
ASIN_00908,Clothing,4.47,34592,19.11,0.289,4.67,1,1,0.158
ASIN_00909,Beauty,3.87,10521,29.47,0.979,5.0,14,1,0.293
ASIN_00910,Toys,3.72,13754,17.54,0.681,4.86,5,0,0.092
ASIN_00911,Clothing,4.54,17519,188.45,0.941,3.65,1,1,0.149
ASIN_00912,Sports,3.57,35431,24.02,0.373,4.07,2,1,0.14
ASIN_00913,Sports,4.01,36273,206.97,0.804,4.03,14,0,0.045
ASIN_00914,Books,4.06,24955,74.75,0.789,4.44,1,1,0.134
ASIN_00915,Home & Kitchen,3.27,34893,53.63,0.722,4.54,14,1,0.093
ASIN_00916,Toys,4.59,36793,47.88,0.969,3.78,2,0,0.056
ASIN_00917,Books,3.66,10218,49.1,0.454,4.23,14,1,0.092
ASIN_00918,Home & Kitchen,3.2,36032,4.82,0.218,3.19,3,0,0.078
ASIN_00919,Home & Kitchen,4.23,28016,25.06,0.705,4.92,14,0,0.223
ASIN_00920,Grocery,3.08,42854,77.1,0.756,3.94,5,1,0.019
ASIN_00921,Sports,3.82,34596,31.54,0.618,4.23,5,1,0.189
ASIN_00922,Beauty,3.79,17863,8.12,0.286,4.05,7,1,0.231
ASIN_00923,Electronics,4.67,18631,31.42,0.554,4.77,5,1,0.149
ASIN_00924,Beauty,4.18,13472,182.02,0.381,2.78,14,0,0.28
ASIN_00925,Electronics,3.78,39763,115.23,0.485,4.19,14,1,0.215
ASIN_00926,Clothing,4.45,3139,31.12,0.681,4.15,3,1,0.227
ASIN_00927,Sports,4.91,16748,85.75,0.771,3.97,5,0,0.067
ASIN_00928,Home & Kitchen,4.25,15439,22.95,0.309,5.0,1,0,0.235
ASIN_00929,Toys,3.81,47780,6.03,0.465,3.76,14,1,0.251
ASIN_00930,Electronics,2.75,10238,13.14,0.342,4.59,1,1,0.115
ASIN_00931,Beauty,2.95,49151,158.05,0.279,4.38,1,0,0.072
ASIN_00932,Home & Kitchen,3.56,1146,25.18,0.805,4.83,1,0,0.122
ASIN_00933,Electronics,3.31,18024,25.96,0.918,3.87,3,0,0.224
ASIN_00934,Electronics,3.65,20389,24.54,0.433,3.83,2,1,0.131
ASIN_00935,Grocery,3.85,42908,222.32,0.776,4.75,1,1,0.224
ASIN_00936,Electronics,4.22,45739,168.34,0.907,4.41,14,1,0.043
ASIN_00937,Toys,3.74,36134,304.53,0.862,3.43,2,1,0.244
ASIN_00938,Sports,4.19,22972,28.25,0.265,3.93,2,0,0.083
ASIN_00939,Toys,3.85,40608,44.51,0.961,4.39,2,0,0.082
ASIN_00940,Books,2.22,11177,7.27,0.439,4.62,7,0,0.181
ASIN_00941,Home & Kitchen,3.05,16395,145.03,0.405,3.86,2,1,0.03
ASIN_00942,Sports,3.68,3272,10.3,0.156,2.74,2,0,0.018
ASIN_00943,Grocery,2.83,39337,41.13,0.538,4.46,2,0,0.086
ASIN_00944,Sports,4.28,26172,11.05,0.198,3.59,3,0,0.166
ASIN_00945,Sports,5.0,21317,18.38,0.324,3.19,1,1,0.273
ASIN_00946,Beauty,4.78,27845,14.34,0.385,2.78,7,1,0.255
ASIN_00947,Sports,3.63,18995,18.03,0.828,4.61,3,0,0.152
ASIN_00948,Grocery,4.99,44184,19.31,0.888,4.26,2,1,0.021
ASIN_00949,Toys,3.92,5911,19.14,0.372,4.09,1,0,0.165
ASIN_00950,Sports,3.53,48801,76.2,0.873,4.89,5,1,0.214
ASIN_00951,Clothing,3.31,40384,10.97,0.872,4.52,1,0,0.108
ASIN_00952,Home & Kitchen,3.56,17302,41.29,0.788,5.0,1,0,0.042
ASIN_00953,Sports,3.49,2016,111.94,0.232,3.5,5,0,0.091
ASIN_00954,Home & Kitchen,3.94,44019,19.82,0.721,4.18,2,1,0.234
ASIN_00955,Clothing,3.93,46563,16.15,0.951,3.39,1,0,0.112
ASIN_00956,Clothing,3.8,11743,26.3,0.714,4.09,2,0,0.245
ASIN_00957,Home & Kitchen,4.15,28802,107.74,0.398,4.08,2,1,0.103
ASIN_00958,Electronics,4.75,47503,40.21,0.551,4.51,5,0,0.057
ASIN_00959,Books,4.56,11125,19.47,0.681,4.22,14,1,0.136
ASIN_00960,Beauty,2.61,8772,53.72,0.56,4.51,1,1,0.141
ASIN_00961,Electronics,1.76,22857,11.0,0.208,4.55,1,1,0.015
ASIN_00962,Electronics,4.55,13708,65.45,0.381,5.0,1,0,0.044
ASIN_00963,Toys,2.71,934,49.83,0.822,4.04,5,1,0.064
ASIN_00964,Beauty,3.62,11956,24.34,0.875,3.73,3,0,0.043
ASIN_00965,Beauty,2.86,26044,14.32,0.224,4.32,2,1,0.109
ASIN_00966,Electronics,2.36,48618,13.64,0.957,3.8,1,1,0.29
ASIN_00967,Sports,4.23,29509,56.53,0.396,4.94,1,0,0.158
ASIN_00968,Toys,4.41,17443,113.18,0.696,4.06,2,0,0.192
ASIN_00969,Toys,3.34,48520,17.51,0.777,3.92,1,0,0.113
ASIN_00970,Clothing,1.73,5749,52.37,0.831,3.96,5,1,0.104
ASIN_00971,Grocery,3.36,18289,4.11,0.951,4.56,1,1,0.017
ASIN_00972,Beauty,4.11,42422,18.46,0.382,4.12,1,0,0.155
ASIN_00973,Electronics,2.62,39753,32.1,0.873,3.88,1,0,0.15
ASIN_00974,Clothing,3.95,7074,13.33,0.219,5.0,1,1,0.056
ASIN_00975,Home & Kitchen,3.79,42364,12.98,0.735,3.77,1,1,0.232
ASIN_00976,Books,4.26,19804,16.98,0.768,4.22,14,0,0.153
ASIN_00977,Grocery,3.9,33215,44.35,0.71,4.53,7,1,0.108
ASIN_00978,Grocery,3.02,28231,27.46,0.327,3.38,2,0,0.053
ASIN_00979,Grocery,4.76,4657,3.53,0.886,4.44,1,1,0.17
ASIN_00980,Toys,3.67,24328,3.97,0.252,3.67,2,1,0.228
ASIN_00981,Home & Kitchen,3.78,42143,18.05,0.148,4.61,3,0,0.092
ASIN_00982,Grocery,3.05,7602,52.34,0.746,3.72,1,1,0.073
ASIN_00983,Home & Kitchen,3.45,47098,2.12,0.528,4.55,2,1,0.161
ASIN_00984,Sports,3.09,37231,20.09,0.864,4.75,14,0,0.055
ASIN_00985,Grocery,3.66,6596,19.57,0.445,4.63,1,1,0.203
ASIN_00986,Books,5.0,49119,132.73,0.251,4.33,2,1,0.186
ASIN_00987,Home & Kitchen,2.7,25838,22.53,0.853,4.08,1,0,0.035
ASIN_00988,Home & Kitchen,2.51,11831,48.57,0.594,3.91,2,1,0.021
ASIN_00989,Books,4.98,26422,38.14,0.27,4.94,2,1,0.19
ASIN_00990,Grocery,3.63,18698,3.93,0.748,3.85,3,1,0.095
ASIN_00991,Books,3.26,14143,71.39,0.56,3.68,14,1,0.035
ASIN_00992,Home & Kitchen,4.63,2174,41.07,0.644,4.53,1,0,0.23
ASIN_00993,Books,3.32,18561,55.05,0.515,3.8,14,0,0.101
ASIN_00994,Home & Kitchen,5.0,22057,1679.48,0.846,3.72,3,1,0.143
ASIN_00995,Home & Kitchen,4.34,6318,4.12,0.847,3.48,5,0,0.079
ASIN_00996,Sports,3.41,8320,185.8,0.738,3.96,1,0,0.192
ASIN_00997,Electronics,5.0,8041,24.84,0.195,4.16,3,1,0.097
ASIN_00998,Home & Kitchen,3.32,31783,44.14,0.855,4.32,3,0,0.291
ASIN_00999,Grocery,4.39,27739,31.64,0.704,4.68,1,1,0.214
ASIN_01000,Clothing,4.04,23178,21.67,0.727,4.46,1,0,0.05
